[    3930ms] [INFO] %cDownload the React DevTools for a better development experience: https://react.dev/link/react-devtools font-weight:bold @ http://localhost:3000/_next/static/chunks/10wn_next_dist_0.s8sen._.js:2431
[    4208ms] [LOG] [HMR] connected @ http://localhost:3000/_next/static/chunks/10wn_next_dist_0.s8sen._.js:2431
[    4328ms] [LOG] [Fast Refresh] rebuilding @ http://localhost:3000/_next/static/chunks/10wn_next_dist_0.s8sen._.js:2431
[   11152ms] [LOG] [Fast Refresh] done in 6926ms @ http://localhost:3000/_next/static/chunks/10wn_next_dist_0.s8sen._.js:2431
[  146686ms] [LOG] [Fast Refresh] rebuilding @ http://localhost:3000/_next/static/chunks/10wn_next_dist_0.s8sen._.js:2431
[  147662ms] [LOG] [Fast Refresh] done in 1073ms @ http://localhost:3000/_next/static/chunks/10wn_next_dist_0.s8sen._.js:2431
[  147787ms] [LOG] [Fast Refresh] rebuilding @ http://localhost:3000/_next/static/chunks/10wn_next_dist_0.s8sen._.js:2431
[  148399ms] [LOG] [Fast Refresh] done in 724ms @ http://localhost:3000/_next/static/chunks/10wn_next_dist_0.s8sen._.js:2431
[  148657ms] [LOG] [Fast Refresh] rebuilding @ http://localhost:3000/_next/static/chunks/10wn_next_dist_0.s8sen._.js:2431
[  148832ms] [LOG] [Fast Refresh] done in 277ms @ http://localhost:3000/_next/static/chunks/10wn_next_dist_0.s8sen._.js:2431
[  150180ms] [LOG] [Fast Refresh] rebuilding @ http://localhost:3000/_next/static/chunks/10wn_next_dist_0.s8sen._.js:2431
[  150228ms] [LOG] [Fast Refresh] done in 154ms @ http://localhost:3000/_next/static/chunks/10wn_next_dist_0.s8sen._.js:2431
[  150385ms] [LOG] [Fast Refresh] rebuilding @ http://localhost:3000/_next/static/chunks/10wn_next_dist_0.s8sen._.js:2431
[  151004ms] [LOG] [Fast Refresh] done in 727ms @ http://localhost:3000/_next/static/chunks/10wn_next_dist_0.s8sen._.js:2431
[  166536ms] [LOG] [Fast Refresh] rebuilding @ http://localhost:3000/_next/static/chunks/10wn_next_dist_0.s8sen._.js:2431
[  166543ms] [LOG] [Fast Refresh] done in 122ms @ http://localhost:3000/_next/static/chunks/10wn_next_dist_0.s8sen._.js:2431
[  196086ms] [LOG] [Fast Refresh] rebuilding @ http://localhost:3000/_next/static/chunks/10wn_next_dist_0.s8sen._.js:2431
[  196117ms] [LOG] [Fast Refresh] done in 147ms @ http://localhost:3000/_next/static/chunks/10wn_next_dist_0.s8sen._.js:2431
[  255348ms] [LOG] [Fast Refresh] rebuilding @ http://localhost:3000/_next/static/chunks/10wn_next_dist_0.s8sen._.js:2431
[  255638ms] [LOG] [Fast Refresh] done in 391ms @ http://localhost:3000/_next/static/chunks/10wn_next_dist_0.s8sen._.js:2431
[  270915ms] [LOG] [Fast Refresh] rebuilding @ http://localhost:3000/_next/static/chunks/10wn_next_dist_0.s8sen._.js:2431
[  270917ms] [LOG] [Fast Refresh] done in 108ms @ http://localhost:3000/_next/static/chunks/10wn_next_dist_0.s8sen._.js:2431
[  279593ms] [LOG] [Fast Refresh] rebuilding @ http://localhost:3000/_next/static/chunks/10wn_next_dist_0.s8sen._.js:2431
[  279613ms] [LOG] [Fast Refresh] done in 125ms @ http://localhost:3000/_next/static/chunks/10wn_next_dist_0.s8sen._.js:2431
[  298886ms] [LOG] [Fast Refresh] rebuilding @ http://localhost:3000/_next/static/chunks/10wn_next_dist_0.s8sen._.js:2431
[  298927ms] [LOG] [Fast Refresh] done in 153ms @ http://localhost:3000/_next/static/chunks/10wn_next_dist_0.s8sen._.js:2431
[  411166ms] [LOG] [Fast Refresh] rebuilding @ http://localhost:3000/_next/static/chunks/10wn_next_dist_0.s8sen._.js:2431
[  412121ms] [LOG] [Fast Refresh] done in 1066ms @ http://localhost:3000/_next/static/chunks/10wn_next_dist_0.s8sen._.js:2431
[  413360ms] [LOG] [Fast Refresh] rebuilding @ http://localhost:3000/_next/static/chunks/10wn_next_dist_0.s8sen._.js:2431
[  414001ms] [LOG] [Fast Refresh] done in 747ms @ http://localhost:3000/_next/static/chunks/10wn_next_dist_0.s8sen._.js:2431
[  414197ms] [LOG] [Fast Refresh] rebuilding @ http://localhost:3000/_next/static/chunks/10wn_next_dist_0.s8sen._.js:2431
[  414672ms] [LOG] [Fast Refresh] done in 584ms @ http://localhost:3000/_next/static/chunks/10wn_next_dist_0.s8sen._.js:2431
[  532282ms] [LOG] [Fast Refresh] rebuilding @ http://localhost:3000/_next/static/chunks/10wn_next_dist_0.s8sen._.js:2431
[  532718ms] [LOG] [Fast Refresh] done in 546ms @ http://localhost:3000/_next/static/chunks/10wn_next_dist_0.s8sen._.js:2431
[  553535ms] [LOG] [Fast Refresh] rebuilding @ http://localhost:3000/_next/static/chunks/10wn_next_dist_0.s8sen._.js:2431
[  557738ms] [LOG] [Fast Refresh] done in 4308ms @ http://localhost:3000/_next/static/chunks/10wn_next_dist_0.s8sen._.js:2431
[  557849ms] [LOG] [Fast Refresh] rebuilding @ http://localhost:3000/_next/static/chunks/10wn_next_dist_0.s8sen._.js:2431
[  558293ms] [LOG] [Fast Refresh] done in 549ms @ http://localhost:3000/_next/static/chunks/10wn_next_dist_0.s8sen._.js:2431
[  559181ms] [LOG] [Fast Refresh] rebuilding @ http://localhost:3000/_next/static/chunks/10wn_next_dist_0.s8sen._.js:2431
[  559843ms] [LOG] [Fast Refresh] done in 770ms @ http://localhost:3000/_next/static/chunks/10wn_next_dist_0.s8sen._.js:2431
[  560352ms] [LOG] [Fast Refresh] rebuilding @ http://localhost:3000/_next/static/chunks/10wn_next_dist_0.s8sen._.js:2431
[  560467ms] [LOG] [Fast Refresh] done in 228ms @ http://localhost:3000/_next/static/chunks/10wn_next_dist_0.s8sen._.js:2431
[  560608ms] [LOG] [Fast Refresh] rebuilding @ http://localhost:3000/_next/static/chunks/10wn_next_dist_0.s8sen._.js:2431
[  561058ms] [LOG] [Fast Refresh] done in 550ms @ http://localhost:3000/_next/static/chunks/10wn_next_dist_0.s8sen._.js:2431
[  561244ms] [LOG] [Fast Refresh] rebuilding @ http://localhost:3000/_next/static/chunks/10wn_next_dist_0.s8sen._.js:2431
[  562356ms] [LOG] [Fast Refresh] done in 1215ms @ http://localhost:3000/_next/static/chunks/10wn_next_dist_0.s8sen._.js:2431
[  579582ms] [LOG] [Fast Refresh] rebuilding @ http://localhost:3000/_next/static/chunks/10wn_next_dist_0.s8sen._.js:2431
[  580185ms] [LOG] [Fast Refresh] done in 671ms @ http://localhost:3000/_next/static/chunks/10wn_next_dist_0.s8sen._.js:2431
[  580307ms] [LOG] [Fast Refresh] rebuilding @ http://localhost:3000/_next/static/chunks/10wn_next_dist_0.s8sen._.js:2431
[  580722ms] [LOG] [Fast Refresh] done in 518ms @ http://localhost:3000/_next/static/chunks/10wn_next_dist_0.s8sen._.js:2431
[  581492ms] [LOG] [Fast Refresh] rebuilding @ http://localhost:3000/_next/static/chunks/10wn_next_dist_0.s8sen._.js:2431
[  581785ms] [LOG] [Fast Refresh] done in 401ms @ http://localhost:3000/_next/static/chunks/10wn_next_dist_0.s8sen._.js:2431
[  581997ms] [LOG] [Fast Refresh] rebuilding @ http://localhost:3000/_next/static/chunks/10wn_next_dist_0.s8sen._.js:2431
[  582118ms] [LOG] [Fast Refresh] done in 228ms @ http://localhost:3000/_next/static/chunks/10wn_next_dist_0.s8sen._.js:2431
[  582330ms] [LOG] [Fast Refresh] rebuilding @ http://localhost:3000/_next/static/chunks/10wn_next_dist_0.s8sen._.js:2431
[  582576ms] [LOG] [Fast Refresh] done in 361ms @ http://localhost:3000/_next/static/chunks/10wn_next_dist_0.s8sen._.js:2431
[  582764ms] [LOG] [Fast Refresh] rebuilding @ http://localhost:3000/_next/static/chunks/10wn_next_dist_0.s8sen._.js:2431
[  583152ms] [LOG] [Fast Refresh] done in 501ms @ http://localhost:3000/_next/static/chunks/10wn_next_dist_0.s8sen._.js:2431
[  601013ms] [LOG] [Fast Refresh] rebuilding @ http://localhost:3000/_next/static/chunks/10wn_next_dist_0.s8sen._.js:2431
[  601047ms] [LOG] [Fast Refresh] done in 135ms @ http://localhost:3000/_next/static/chunks/10wn_next_dist_0.s8sen._.js:2431
[  614988ms] [LOG] [Fast Refresh] rebuilding @ http://localhost:3000/_next/static/chunks/10wn_next_dist_0.s8sen._.js:2431
[  614993ms] [LOG] [Fast Refresh] done in 119ms @ http://localhost:3000/_next/static/chunks/10wn_next_dist_0.s8sen._.js:2431
[  639817ms] [LOG] [Fast Refresh] rebuilding @ http://localhost:3000/_next/static/chunks/10wn_next_dist_0.s8sen._.js:2431
[  639987ms] [LOG] [Fast Refresh] done in 283ms @ http://localhost:3000/_next/static/chunks/10wn_next_dist_0.s8sen._.js:2431
[  698042ms] [LOG] [Fast Refresh] rebuilding @ http://localhost:3000/_next/static/chunks/10wn_next_dist_0.s8sen._.js:2431
[  698059ms] [LOG] [Fast Refresh] done in 128ms @ http://localhost:3000/_next/static/chunks/10wn_next_dist_0.s8sen._.js:2431
[  745477ms] [LOG] [Fast Refresh] rebuilding @ http://localhost:3000/_next/static/chunks/10wn_next_dist_0.s8sen._.js:2431
[  745477ms] [LOG] [Fast Refresh] done in 105ms @ http://localhost:3000/_next/static/chunks/10wn_next_dist_0.s8sen._.js:2431
[  753817ms] [LOG] [Fast Refresh] rebuilding @ http://localhost:3000/_next/static/chunks/10wn_next_dist_0.s8sen._.js:2431
[  753925ms] [LOG] [Fast Refresh] done in 220ms @ http://localhost:3000/_next/static/chunks/10wn_next_dist_0.s8sen._.js:2431
[  758381ms] [LOG] [Fast Refresh] rebuilding @ http://localhost:3000/_next/static/chunks/10wn_next_dist_0.s8sen._.js:2431
[  758998ms] [LOG] [Fast Refresh] done in 721ms @ http://localhost:3000/_next/static/chunks/10wn_next_dist_0.s8sen._.js:2431
[  760230ms] [LOG] [Fast Refresh] rebuilding @ http://localhost:3000/_next/static/chunks/10wn_next_dist_0.s8sen._.js:2431
[  760566ms] [LOG] [Fast Refresh] done in 442ms @ http://localhost:3000/_next/static/chunks/10wn_next_dist_0.s8sen._.js:2431
[  761066ms] [LOG] [Fast Refresh] rebuilding @ http://localhost:3000/_next/static/chunks/10wn_next_dist_0.s8sen._.js:2431
[  761301ms] [LOG] [Fast Refresh] done in 358ms @ http://localhost:3000/_next/static/chunks/10wn_next_dist_0.s8sen._.js:2431
[  963826ms] [LOG] [Fast Refresh] rebuilding @ http://localhost:3000/_next/static/chunks/10wn_next_dist_0.s8sen._.js:2431
[  964424ms] [LOG] [Fast Refresh] done in 709ms @ http://localhost:3000/_next/static/chunks/10wn_next_dist_0.s8sen._.js:2431
[  964576ms] [LOG] [Fast Refresh] rebuilding @ http://localhost:3000/_next/static/chunks/10wn_next_dist_0.s8sen._.js:2431
[  964999ms] [LOG] [Fast Refresh] done in 532ms @ http://localhost:3000/_next/static/chunks/10wn_next_dist_0.s8sen._.js:2431
[  965592ms] [LOG] [Fast Refresh] rebuilding @ http://localhost:3000/_next/static/chunks/10wn_next_dist_0.s8sen._.js:2431
[  965619ms] [LOG] [Fast Refresh] done in 139ms @ http://localhost:3000/_next/static/chunks/10wn_next_dist_0.s8sen._.js:2431
[  966058ms] [LOG] [Fast Refresh] rebuilding @ http://localhost:3000/_next/static/chunks/10wn_next_dist_0.s8sen._.js:2431
[  966228ms] [LOG] [Fast Refresh] done in 283ms @ http://localhost:3000/_next/static/chunks/10wn_next_dist_0.s8sen._.js:2431
[  966374ms] [LOG] [Fast Refresh] rebuilding @ http://localhost:3000/_next/static/chunks/10wn_next_dist_0.s8sen._.js:2431
[  966802ms] [LOG] [Fast Refresh] done in 538ms @ http://localhost:3000/_next/static/chunks/10wn_next_dist_0.s8sen._.js:2431
[  966943ms] [LOG] [Fast Refresh] rebuilding @ http://localhost:3000/_next/static/chunks/10wn_next_dist_0.s8sen._.js:2431
[  967536ms] [LOG] [Fast Refresh] done in 695ms @ http://localhost:3000/_next/static/chunks/10wn_next_dist_0.s8sen._.js:2431
[  985485ms] [LOG] [Fast Refresh] rebuilding @ http://localhost:3000/_next/static/chunks/10wn_next_dist_0.s8sen._.js:2431
[  986066ms] [LOG] [Fast Refresh] done in 678ms @ http://localhost:3000/_next/static/chunks/10wn_next_dist_0.s8sen._.js:2431
[  986185ms] [LOG] [Fast Refresh] rebuilding @ http://localhost:3000/_next/static/chunks/10wn_next_dist_0.s8sen._.js:2431
[  986581ms] [LOG] [Fast Refresh] done in 498ms @ http://localhost:3000/_next/static/chunks/10wn_next_dist_0.s8sen._.js:2431
[  987071ms] [LOG] [Fast Refresh] rebuilding @ http://localhost:3000/_next/static/chunks/10wn_next_dist_0.s8sen._.js:2431
[  987117ms] [LOG] [Fast Refresh] done in 148ms @ http://localhost:3000/_next/static/chunks/10wn_next_dist_0.s8sen._.js:2431
[  987385ms] [LOG] [Fast Refresh] rebuilding @ http://localhost:3000/_next/static/chunks/10wn_next_dist_0.s8sen._.js:2431
[  987722ms] [LOG] [Fast Refresh] done in 447ms @ http://localhost:3000/_next/static/chunks/10wn_next_dist_0.s8sen._.js:2431
[  991494ms] [LOG] [Fast Refresh] rebuilding @ http://localhost:3000/_next/static/chunks/10wn_next_dist_0.s8sen._.js:2431
[  991610ms] [LOG] [Fast Refresh] done in 217ms @ http://localhost:3000/_next/static/chunks/10wn_next_dist_0.s8sen._.js:2431
[ 1117340ms] [LOG] [Fast Refresh] rebuilding @ http://localhost:3000/_next/static/chunks/10wn_next_dist_0.s8sen._.js:2431
[ 1117751ms] [LOG] [Fast Refresh] done in 519ms @ http://localhost:3000/_next/static/chunks/10wn_next_dist_0.s8sen._.js:2431
[ 1118808ms] [LOG] [Fast Refresh] rebuilding @ http://localhost:3000/_next/static/chunks/10wn_next_dist_0.s8sen._.js:2431
[ 1119189ms] [LOG] [Fast Refresh] done in 488ms @ http://localhost:3000/_next/static/chunks/10wn_next_dist_0.s8sen._.js:2431
[ 1342498ms] [LOG] [Fast Refresh] rebuilding @ http://localhost:3000/_next/static/chunks/10wn_next_dist_0.s8sen._.js:2431
[ 1343092ms] [LOG] [Fast Refresh] done in 706ms @ http://localhost:3000/_next/static/chunks/10wn_next_dist_0.s8sen._.js:2431
[ 1343265ms] [LOG] [Fast Refresh] rebuilding @ http://localhost:3000/_next/static/chunks/10wn_next_dist_0.s8sen._.js:2431
[ 1343646ms] [LOG] [Fast Refresh] done in 485ms @ http://localhost:3000/_next/static/chunks/10wn_next_dist_0.s8sen._.js:2431
[ 1343832ms] [LOG] [Fast Refresh] rebuilding @ http://localhost:3000/_next/static/chunks/10wn_next_dist_0.s8sen._.js:2431
[ 1343882ms] [LOG] [Fast Refresh] done in 157ms @ http://localhost:3000/_next/static/chunks/10wn_next_dist_0.s8sen._.js:2431
[ 1344448ms] [LOG] [Fast Refresh] rebuilding @ http://localhost:3000/_next/static/chunks/10wn_next_dist_0.s8sen._.js:2431
[ 1344546ms] [LOG] [Fast Refresh] done in 204ms @ http://localhost:3000/_next/static/chunks/10wn_next_dist_0.s8sen._.js:2431
[ 1344699ms] [LOG] [Fast Refresh] rebuilding @ http://localhost:3000/_next/static/chunks/10wn_next_dist_0.s8sen._.js:2431
[ 1345065ms] [LOG] [Fast Refresh] done in 467ms @ http://localhost:3000/_next/static/chunks/10wn_next_dist_0.s8sen._.js:2431
[ 1345252ms] [LOG] [Fast Refresh] rebuilding @ http://localhost:3000/_next/static/chunks/10wn_next_dist_0.s8sen._.js:2431
[ 1345710ms] [LOG] [Fast Refresh] done in 567ms @ http://localhost:3000/_next/static/chunks/10wn_next_dist_0.s8sen._.js:2431
[ 1349897ms] [LOG] [Fast Refresh] rebuilding @ http://localhost:3000/_next/static/chunks/10wn_next_dist_0.s8sen._.js:2431
[ 1353324ms] [LOG] [Fast Refresh] done in 3528ms @ http://localhost:3000/_next/static/chunks/10wn_next_dist_0.s8sen._.js:2431
[ 1358707ms] [LOG] [Fast Refresh] rebuilding @ http://localhost:3000/_next/static/chunks/10wn_next_dist_0.s8sen._.js:2431
[ 1359294ms] [LOG] [Fast Refresh] done in 696ms @ http://localhost:3000/_next/static/chunks/10wn_next_dist_0.s8sen._.js:2431
[ 1359426ms] [LOG] [Fast Refresh] rebuilding @ http://localhost:3000/_next/static/chunks/10wn_next_dist_0.s8sen._.js:2431
[ 1359858ms] [LOG] [Fast Refresh] done in 539ms @ http://localhost:3000/_next/static/chunks/10wn_next_dist_0.s8sen._.js:2431
[ 1359995ms] [LOG] [Fast Refresh] rebuilding @ http://localhost:3000/_next/static/chunks/10wn_next_dist_0.s8sen._.js:2431
[ 1360891ms] [LOG] [Fast Refresh] done in 1002ms @ http://localhost:3000/_next/static/chunks/10wn_next_dist_0.s8sen._.js:2431
[ 1361110ms] [LOG] [Fast Refresh] rebuilding @ http://localhost:3000/_next/static/chunks/10wn_next_dist_0.s8sen._.js:2431
[ 1361215ms] [LOG] [Fast Refresh] done in 213ms @ http://localhost:3000/_next/static/chunks/10wn_next_dist_0.s8sen._.js:2431
[ 1361590ms] [LOG] [Fast Refresh] rebuilding @ http://localhost:3000/_next/static/chunks/10wn_next_dist_0.s8sen._.js:2431
[ 1363102ms] [LOG] [Fast Refresh] done in 1620ms @ http://localhost:3000/_next/static/chunks/10wn_next_dist_0.s8sen._.js:2431
[ 1364443ms] [LOG] [Fast Refresh] rebuilding @ http://localhost:3000/_next/static/chunks/10wn_next_dist_0.s8sen._.js:2431
[ 1364554ms] [LOG] [Fast Refresh] done in 215ms @ http://localhost:3000/_next/static/chunks/10wn_next_dist_0.s8sen._.js:2431
[ 1374037ms] [LOG] [Fast Refresh] rebuilding @ http://localhost:3000/_next/static/chunks/10wn_next_dist_0.s8sen._.js:2431
[ 1389631ms] [LOG] [Fast Refresh] done in 15710ms @ http://localhost:3000/_next/static/chunks/10wn_next_dist_0.s8sen._.js:2431
[ 1390185ms] [LOG] [Fast Refresh] rebuilding @ http://localhost:3000/_next/static/chunks/10wn_next_dist_0.s8sen._.js:2431
[ 1390525ms] [LOG] [Fast Refresh] done in 447ms @ http://localhost:3000/_next/static/chunks/10wn_next_dist_0.s8sen._.js:2431
[ 1390649ms] [LOG] [Fast Refresh] rebuilding @ http://localhost:3000/_next/static/chunks/10wn_next_dist_0.s8sen._.js:2431
[ 1390658ms] [LOG] [Fast Refresh] done in 111ms @ http://localhost:3000/_next/static/chunks/10wn_next_dist_0.s8sen._.js:2431
[ 1390815ms] [LOG] [Fast Refresh] rebuilding @ http://localhost:3000/_next/static/chunks/10wn_next_dist_0.s8sen._.js:2431
[ 1390873ms] [LOG] [Fast Refresh] done in 165ms @ http://localhost:3000/_next/static/chunks/10wn_next_dist_0.s8sen._.js:2431
[ 1391049ms] [LOG] [Fast Refresh] rebuilding @ http://localhost:3000/_next/static/chunks/10wn_next_dist_0.s8sen._.js:2431
[ 1391065ms] [LOG] [Fast Refresh] done in 119ms @ http://localhost:3000/_next/static/chunks/10wn_next_dist_0.s8sen._.js:2431
[ 1391367ms] [LOG] [Fast Refresh] rebuilding @ http://localhost:3000/_next/static/chunks/10wn_next_dist_0.s8sen._.js:2431
[ 1391440ms] [LOG] [Fast Refresh] done in 174ms @ http://localhost:3000/_next/static/chunks/10wn_next_dist_0.s8sen._.js:2431
[ 1391581ms] [LOG] [Fast Refresh] rebuilding @ http://localhost:3000/_next/static/chunks/10wn_next_dist_0.s8sen._.js:2431
[ 1391908ms] [LOG] [Fast Refresh] done in 431ms @ http://localhost:3000/_next/static/chunks/10wn_next_dist_0.s8sen._.js:2431
[ 1392165ms] [LOG] [Fast Refresh] rebuilding @ http://localhost:3000/_next/static/chunks/10wn_next_dist_0.s8sen._.js:2431
[ 1392620ms] [LOG] [Fast Refresh] done in 566ms @ http://localhost:3000/_next/static/chunks/10wn_next_dist_0.s8sen._.js:2431
[ 1393000ms] [LOG] [Fast Refresh] rebuilding @ http://localhost:3000/_next/static/chunks/10wn_next_dist_0.s8sen._.js:2431
[ 1393022ms] [LOG] [Fast Refresh] done in 128ms @ http://localhost:3000/_next/static/chunks/10wn_next_dist_0.s8sen._.js:2431
[ 1394081ms] [LOG] [Fast Refresh] rebuilding @ http://localhost:3000/_next/static/chunks/10wn_next_dist_0.s8sen._.js:2431
[ 1394138ms] [LOG] [Fast Refresh] done in 168ms @ http://localhost:3000/_next/static/chunks/10wn_next_dist_0.s8sen._.js:2431
[ 1395330ms] [LOG] [Fast Refresh] rebuilding @ http://localhost:3000/_next/static/chunks/10wn_next_dist_0.s8sen._.js:2431
[ 1395375ms] [LOG] [Fast Refresh] done in 146ms @ http://localhost:3000/_next/static/chunks/10wn_next_dist_0.s8sen._.js:2431
[ 1395578ms] [LOG] [Fast Refresh] rebuilding @ http://localhost:3000/_next/static/chunks/10wn_next_dist_0.s8sen._.js:2431
[ 1395599ms] [LOG] [Fast Refresh] done in 134ms @ http://localhost:3000/_next/static/chunks/10wn_next_dist_0.s8sen._.js:2431
[ 1398579ms] [LOG] [Fast Refresh] rebuilding @ http://localhost:3000/_next/static/chunks/10wn_next_dist_0.s8sen._.js:2431
[ 1399481ms] [LOG] [Fast Refresh] done in 1015ms @ http://localhost:3000/_next/static/chunks/10wn_next_dist_0.s8sen._.js:2431
[ 1404596ms] [LOG] [Fast Refresh] rebuilding @ http://localhost:3000/_next/static/chunks/10wn_next_dist_0.s8sen._.js:2431
[ 1405147ms] [LOG] [Fast Refresh] done in 655ms @ http://localhost:3000/_next/static/chunks/10wn_next_dist_0.s8sen._.js:2431
[ 1405281ms] [LOG] [Fast Refresh] rebuilding @ http://localhost:3000/_next/static/chunks/10wn_next_dist_0.s8sen._.js:2431
[ 1405706ms] [LOG] [Fast Refresh] done in 542ms @ http://localhost:3000/_next/static/chunks/10wn_next_dist_0.s8sen._.js:2431
[ 1405880ms] [LOG] [Fast Refresh] rebuilding @ http://localhost:3000/_next/static/chunks/10wn_next_dist_0.s8sen._.js:2431
[ 1406939ms] [LOG] [Fast Refresh] done in 1162ms @ http://localhost:3000/_next/static/chunks/10wn_next_dist_0.s8sen._.js:2431
[ 1407130ms] [LOG] [Fast Refresh] rebuilding @ http://localhost:3000/_next/static/chunks/10wn_next_dist_0.s8sen._.js:2431
[ 1407227ms] [LOG] [Fast Refresh] done in 205ms @ http://localhost:3000/_next/static/chunks/10wn_next_dist_0.s8sen._.js:2431
[ 1407360ms] [LOG] [Fast Refresh] rebuilding @ http://localhost:3000/_next/static/chunks/10wn_next_dist_0.s8sen._.js:2431
[ 1407523ms] [LOG] [Fast Refresh] done in 267ms @ http://localhost:3000/_next/static/chunks/10wn_next_dist_0.s8sen._.js:2431
[ 1407760ms] [LOG] [Fast Refresh] rebuilding @ http://localhost:3000/_next/static/chunks/10wn_next_dist_0.s8sen._.js:2431
[ 1408926ms] [LOG] [Fast Refresh] done in 1277ms @ http://localhost:3000/_next/static/chunks/10wn_next_dist_0.s8sen._.js:2431
[ 1409515ms] [LOG] [Fast Refresh] rebuilding @ http://localhost:3000/_next/static/chunks/10wn_next_dist_0.s8sen._.js:2431
[ 1409586ms] [LOG] [Fast Refresh] done in 188ms @ http://localhost:3000/_next/static/chunks/10wn_next_dist_0.s8sen._.js:2431
[ 1409927ms] [LOG] [Fast Refresh] rebuilding @ http://localhost:3000/_next/static/chunks/10wn_next_dist_0.s8sen._.js:2431
[ 1410276ms] [LOG] [Fast Refresh] done in 453ms @ http://localhost:3000/_next/static/chunks/10wn_next_dist_0.s8sen._.js:2431
[ 1419552ms] [LOG] [Fast Refresh] rebuilding @ http://localhost:3000/_next/static/chunks/10wn_next_dist_0.s8sen._.js:2431
[ 1420812ms] [LOG] [Fast Refresh] done in 1371ms @ http://localhost:3000/_next/static/chunks/10wn_next_dist_0.s8sen._.js:2431
[ 1420958ms] [LOG] [Fast Refresh] rebuilding @ http://localhost:3000/_next/static/chunks/10wn_next_dist_0.s8sen._.js:2431
[ 1421516ms] [LOG] [Fast Refresh] done in 666ms @ http://localhost:3000/_next/static/chunks/10wn_next_dist_0.s8sen._.js:2431
[ 1421691ms] [LOG] [Fast Refresh] rebuilding @ http://localhost:3000/_next/static/chunks/10wn_next_dist_0.s8sen._.js:2431
[ 1421858ms] [LOG] [Fast Refresh] done in 274ms @ http://localhost:3000/_next/static/chunks/10wn_next_dist_0.s8sen._.js:2431
[ 1422805ms] [LOG] [Fast Refresh] rebuilding @ http://localhost:3000/_next/static/chunks/10wn_next_dist_0.s8sen._.js:2431
[ 1423065ms] [LOG] [Fast Refresh] done in 368ms @ http://localhost:3000/_next/static/chunks/10wn_next_dist_0.s8sen._.js:2431
[ 1423459ms] [LOG] [Fast Refresh] rebuilding @ http://localhost:3000/_next/static/chunks/10wn_next_dist_0.s8sen._.js:2431
[ 1423542ms] [LOG] [Fast Refresh] done in 200ms @ http://localhost:3000/_next/static/chunks/10wn_next_dist_0.s8sen._.js:2431
[ 1423671ms] [LOG] [Fast Refresh] rebuilding @ http://localhost:3000/_next/static/chunks/10wn_next_dist_0.s8sen._.js:2431
[ 1424997ms] [LOG] [Fast Refresh] done in 1433ms @ http://localhost:3000/_next/static/chunks/10wn_next_dist_0.s8sen._.js:2431
[ 1431286ms] [LOG] [Fast Refresh] rebuilding @ http://localhost:3000/_next/static/chunks/10wn_next_dist_0.s8sen._.js:2431
[ 1431725ms] [LOG] [Fast Refresh] done in 544ms @ http://localhost:3000/_next/static/chunks/10wn_next_dist_0.s8sen._.js:2431
[ 1432687ms] [LOG] [Fast Refresh] rebuilding @ http://localhost:3000/_next/static/chunks/10wn_next_dist_0.s8sen._.js:2431
[ 1432706ms] [LOG] [Fast Refresh] done in 121ms @ http://localhost:3000/_next/static/chunks/10wn_next_dist_0.s8sen._.js:2431
[ 1434316ms] [LOG] [Fast Refresh] rebuilding @ http://localhost:3000/_next/static/chunks/10wn_next_dist_0.s8sen._.js:2431
[ 1434985ms] [LOG] [Fast Refresh] done in 773ms @ http://localhost:3000/_next/static/chunks/10wn_next_dist_0.s8sen._.js:2431
[ 1435102ms] [LOG] [Fast Refresh] rebuilding @ http://localhost:3000/_next/static/chunks/10wn_next_dist_0.s8sen._.js:2431
[ 1435604ms] [LOG] [Fast Refresh] done in 606ms @ http://localhost:3000/_next/static/chunks/10wn_next_dist_0.s8sen._.js:2431
[ 1436084ms] [LOG] [Fast Refresh] rebuilding @ http://localhost:3000/_next/static/chunks/10wn_next_dist_0.s8sen._.js:2431
[ 1436177ms] [LOG] [Fast Refresh] done in 198ms @ http://localhost:3000/_next/static/chunks/10wn_next_dist_0.s8sen._.js:2431
[ 1436412ms] [LOG] [Fast Refresh] rebuilding @ http://localhost:3000/_next/static/chunks/10wn_next_dist_0.s8sen._.js:2431
[ 1436645ms] [LOG] [Fast Refresh] done in 337ms @ http://localhost:3000/_next/static/chunks/10wn_next_dist_0.s8sen._.js:2431
[ 1437634ms] [LOG] [Fast Refresh] rebuilding @ http://localhost:3000/_next/static/chunks/10wn_next_dist_0.s8sen._.js:2431
[ 1437686ms] [LOG] [Fast Refresh] done in 154ms @ http://localhost:3000/_next/static/chunks/10wn_next_dist_0.s8sen._.js:2431
[ 1439667ms] [LOG] [Fast Refresh] rebuilding @ http://localhost:3000/_next/static/chunks/10wn_next_dist_0.s8sen._.js:2431
[ 1440699ms] [LOG] [Fast Refresh] done in 1140ms @ http://localhost:3000/_next/static/chunks/10wn_next_dist_0.s8sen._.js:2431
[ 1444731ms] [LOG] [Fast Refresh] rebuilding @ http://localhost:3000/_next/static/chunks/10wn_next_dist_0.s8sen._.js:2431
[ 1444784ms] [LOG] [Fast Refresh] done in 164ms @ http://localhost:3000/_next/static/chunks/10wn_next_dist_0.s8sen._.js:2431
[ 1446081ms] [LOG] [Fast Refresh] rebuilding @ http://localhost:3000/_next/static/chunks/10wn_next_dist_0.s8sen._.js:2431
[ 1446371ms] [LOG] [Fast Refresh] done in 401ms @ http://localhost:3000/_next/static/chunks/10wn_next_dist_0.s8sen._.js:2431
[ 1447449ms] [LOG] [Fast Refresh] rebuilding @ http://localhost:3000/_next/static/chunks/10wn_next_dist_0.s8sen._.js:2431
[ 1447451ms] [LOG] [Fast Refresh] done in 113ms @ http://localhost:3000/_next/static/chunks/10wn_next_dist_0.s8sen._.js:2431
[ 1677902ms] [LOG] [Fast Refresh] rebuilding @ http://localhost:3000/_next/static/chunks/10wn_next_dist_0.s8sen._.js:2431
[ 1677955ms] [LOG] [Fast Refresh] done in 154ms @ http://localhost:3000/_next/static/chunks/10wn_next_dist_0.s8sen._.js:2431
[ 1679439ms] [LOG] [Fast Refresh] rebuilding @ http://localhost:3000/_next/static/chunks/10wn_next_dist_0.s8sen._.js:2431
[ 1681097ms] [LOG] [Fast Refresh] done in 1773ms @ http://localhost:3000/_next/static/chunks/10wn_next_dist_0.s8sen._.js:2431
[ 1748144ms] [LOG] [Fast Refresh] rebuilding @ http://localhost:3000/_next/static/chunks/10wn_next_dist_0.s8sen._.js:2431
[ 1752817ms] [ERROR] ./src/modules/rooms/components/RoomDetailPage.tsx:298:24
the name `setTimelinePage` is defined multiple times
  296 |
  297 |   const { room } = data
> 298 |   const [timelinePage, setTimelinePage] = useState(0)
      |                        ^^^^^^^^^^^^^^^
  299 |   const TIMELINE_PAGE_SIZE = 10
  300 |   const totalTimelinePages = Math.max(1, Math.ceil(history.length / TIMELINE_PAGE_SIZE))
  301 |   const timelineData = history.slice(timelinePage * TIMELINE_PAGE_SIZE, (timelinePage + 1) * TIMELINE_PAGE_SIZE)

Ecmascript file had an error

Import trace:
  Server Component:
    ./src/modules/rooms/components/RoomDetailPage.tsx
    ./src/app/[locale]/(dashboard)/rooms/[id]/page.tsx @ http://localhost:3000/_next/static/chunks/10wn_next_dist_0.s8sen._.js:3272
[ 1752818ms] [ERROR] ./src/modules/rooms/components/RoomDetailPage.tsx:298:10
the name `timelinePage` is defined multiple times
  296 |
  297 |   const { room } = data
> 298 |   const [timelinePage, setTimelinePage] = useState(0)
      |          ^^^^^^^^^^^^
  299 |   const TIMELINE_PAGE_SIZE = 10
  300 |   const totalTimelinePages = Math.max(1, Math.ceil(history.length / TIMELINE_PAGE_SIZE))
  301 |   const timelineData = history.slice(timelinePage * TIMELINE_PAGE_SIZE, (timelinePage + 1) * TIMELINE_PAGE_SIZE)

Ecmascript file had an error

Import trace:
  Server Component:
    ./src/modules/rooms/components/RoomDetailPage.tsx
    ./src/app/[locale]/(dashboard)/rooms/[id]/page.tsx @ http://localhost:3000/_next/static/chunks/10wn_next_dist_0.s8sen._.js:3272
[ 1753295ms] [LOG] [Fast Refresh] rebuilding @ http://localhost:3000/_next/static/chunks/10wn_next_dist_0.s8sen._.js:2431
[ 1753393ms] [ERROR] ./src/modules/rooms/components/RoomDetailPage.tsx:298:24
the name `setTimelinePage` is defined multiple times
  296 |
  297 |   const { room } = data
> 298 |   const [timelinePage, setTimelinePage] = useState(0)
      |                        ^^^^^^^^^^^^^^^
  299 |   const TIMELINE_PAGE_SIZE = 10
  300 |   const totalTimelinePages = Math.max(1, Math.ceil(history.length / TIMELINE_PAGE_SIZE))
  301 |   const timelineData = history.slice(timelinePage * TIMELINE_PAGE_SIZE, (timelinePage + 1) * TIMELINE_PAGE_SIZE)

Ecmascript file had an error

Import trace:
  Server Component:
    ./src/modules/rooms/components/RoomDetailPage.tsx
    ./src/app/[locale]/(dashboard)/rooms/[id]/page.tsx @ http://localhost:3000/_next/static/chunks/10wn_next_dist_0.s8sen._.js:3272
[ 1753394ms] [ERROR] ./src/modules/rooms/components/RoomDetailPage.tsx:298:10
the name `timelinePage` is defined multiple times
  296 |
  297 |   const { room } = data
> 298 |   const [timelinePage, setTimelinePage] = useState(0)
      |          ^^^^^^^^^^^^
  299 |   const TIMELINE_PAGE_SIZE = 10
  300 |   const totalTimelinePages = Math.max(1, Math.ceil(history.length / TIMELINE_PAGE_SIZE))
  301 |   const timelineData = history.slice(timelinePage * TIMELINE_PAGE_SIZE, (timelinePage + 1) * TIMELINE_PAGE_SIZE)

Ecmascript file had an error

Import trace:
  Server Component:
    ./src/modules/rooms/components/RoomDetailPage.tsx
    ./src/app/[locale]/(dashboard)/rooms/[id]/page.tsx @ http://localhost:3000/_next/static/chunks/10wn_next_dist_0.s8sen._.js:3272
[ 1753509ms] [LOG] [Fast Refresh] rebuilding @ http://localhost:3000/_next/static/chunks/10wn_next_dist_0.s8sen._.js:2431
[ 1753753ms] [ERROR] ./src/modules/rooms/components/RoomDetailPage.tsx:298:24
the name `setTimelinePage` is defined multiple times
  296 |
  297 |   const { room } = data
> 298 |   const [timelinePage, setTimelinePage] = useState(0)
      |                        ^^^^^^^^^^^^^^^
  299 |   const TIMELINE_PAGE_SIZE = 10
  300 |   const totalTimelinePages = Math.max(1, Math.ceil(history.length / TIMELINE_PAGE_SIZE))
  301 |   const timelineData = history.slice(timelinePage * TIMELINE_PAGE_SIZE, (timelinePage + 1) * TIMELINE_PAGE_SIZE)

Ecmascript file had an error

Import trace:
  Server Component:
    ./src/modules/rooms/components/RoomDetailPage.tsx
    ./src/app/[locale]/(dashboard)/rooms/[id]/page.tsx @ http://localhost:3000/_next/static/chunks/10wn_next_dist_0.s8sen._.js:3272
[ 1753754ms] [ERROR] ./src/modules/rooms/components/RoomDetailPage.tsx:298:10
the name `timelinePage` is defined multiple times
  296 |
  297 |   const { room } = data
> 298 |   const [timelinePage, setTimelinePage] = useState(0)
      |          ^^^^^^^^^^^^
  299 |   const TIMELINE_PAGE_SIZE = 10
  300 |   const totalTimelinePages = Math.max(1, Math.ceil(history.length / TIMELINE_PAGE_SIZE))
  301 |   const timelineData = history.slice(timelinePage * TIMELINE_PAGE_SIZE, (timelinePage + 1) * TIMELINE_PAGE_SIZE)

Ecmascript file had an error

Import trace:
  Server Component:
    ./src/modules/rooms/components/RoomDetailPage.tsx
    ./src/app/[locale]/(dashboard)/rooms/[id]/page.tsx @ http://localhost:3000/_next/static/chunks/10wn_next_dist_0.s8sen._.js:3272
[ 1753864ms] [LOG] [Fast Refresh] rebuilding @ http://localhost:3000/_next/static/chunks/10wn_next_dist_0.s8sen._.js:2431
[ 1757985ms] [ERROR] ./src/modules/rooms/components/RoomDetailPage.tsx:298:24
the name `setTimelinePage` is defined multiple times
  296 |
  297 |   const { room } = data
> 298 |   const [timelinePage, setTimelinePage] = useState(0)
      |                        ^^^^^^^^^^^^^^^
  299 |   const TIMELINE_PAGE_SIZE = 10
  300 |   const totalTimelinePages = Math.max(1, Math.ceil(history.length / TIMELINE_PAGE_SIZE))
  301 |   const timelineData = history.slice(timelinePage * TIMELINE_PAGE_SIZE, (timelinePage + 1) * TIMELINE_PAGE_SIZE)

Ecmascript file had an error

Import trace:
  Server Component:
    ./src/modules/rooms/components/RoomDetailPage.tsx
    ./src/app/[locale]/(dashboard)/rooms/[id]/page.tsx @ http://localhost:3000/_next/static/chunks/10wn_next_dist_0.s8sen._.js:3272
[ 1757985ms] [ERROR] ./src/modules/rooms/components/RoomDetailPage.tsx:298:10
the name `timelinePage` is defined multiple times
  296 |
  297 |   const { room } = data
> 298 |   const [timelinePage, setTimelinePage] = useState(0)
      |          ^^^^^^^^^^^^
  299 |   const TIMELINE_PAGE_SIZE = 10
  300 |   const totalTimelinePages = Math.max(1, Math.ceil(history.length / TIMELINE_PAGE_SIZE))
  301 |   const timelineData = history.slice(timelinePage * TIMELINE_PAGE_SIZE, (timelinePage + 1) * TIMELINE_PAGE_SIZE)

Ecmascript file had an error

Import trace:
  Server Component:
    ./src/modules/rooms/components/RoomDetailPage.tsx
    ./src/app/[locale]/(dashboard)/rooms/[id]/page.tsx @ http://localhost:3000/_next/static/chunks/10wn_next_dist_0.s8sen._.js:3272
[ 1757988ms] [ERROR] ./src/modules/rooms/components/RoomDetailPage.tsx:298:24
the name `setTimelinePage` is defined multiple times
  296 |
  297 |   const { room } = data
> 298 |   const [timelinePage, setTimelinePage] = useState(0)
      |                        ^^^^^^^^^^^^^^^
  299 |   const TIMELINE_PAGE_SIZE = 10
  300 |   const totalTimelinePages = Math.max(1, Math.ceil(history.length / TIMELINE_PAGE_SIZE))
  301 |   const timelineData = history.slice(timelinePage * TIMELINE_PAGE_SIZE, (timelinePage + 1) * TIMELINE_PAGE_SIZE)

Ecmascript file had an error

Import trace:
  Server Component:
    ./src/modules/rooms/components/RoomDetailPage.tsx
    ./src/app/[locale]/(dashboard)/rooms/[id]/page.tsx @ http://localhost:3000/_next/static/chunks/10wn_next_dist_0.s8sen._.js:3272
[ 1757988ms] [ERROR] ./src/modules/rooms/components/RoomDetailPage.tsx:298:10
the name `timelinePage` is defined multiple times
  296 |
  297 |   const { room } = data
> 298 |   const [timelinePage, setTimelinePage] = useState(0)
      |          ^^^^^^^^^^^^
  299 |   const TIMELINE_PAGE_SIZE = 10
  300 |   const totalTimelinePages = Math.max(1, Math.ceil(history.length / TIMELINE_PAGE_SIZE))
  301 |   const timelineData = history.slice(timelinePage * TIMELINE_PAGE_SIZE, (timelinePage + 1) * TIMELINE_PAGE_SIZE)

Ecmascript file had an error

Import trace:
  Server Component:
    ./src/modules/rooms/components/RoomDetailPage.tsx
    ./src/app/[locale]/(dashboard)/rooms/[id]/page.tsx @ http://localhost:3000/_next/static/chunks/10wn_next_dist_0.s8sen._.js:3272
[ 1758003ms] [ERROR] Failed to load resource: the server responded with a status of 500 (Internal Server Error) @ http://localhost:3000/en/login?next=%2Fen%2Frooms%2F23e52648-42b9-475a-b0b2-ac9639100fd7&_rsc=1p1o4:0
[ 1758135ms] [ERROR] Failed to load resource: the server responded with a status of 500 (Internal Server Error) @ http://localhost:3000/en/login?next=%2Fen%2Frooms%2F23e52648-42b9-475a-b0b2-ac9639100fd7:0
[ 1758835ms] [ERROR] Refused to execute script from 'http://localhost:3000/_next/static/development/_clientMiddlewareManifest.js' because its MIME type ('application/json') is not executable, and strict MIME type checking is enabled. @ http://localhost:3000/en/login?next=%2Fen%2Frooms%2F23e52648-42b9-475a-b0b2-ac9639100fd7:0
[ 1758913ms] [INFO] %cDownload the React DevTools for a better development experience: https://react.dev/link/react-devtools font-weight:bold @ http://localhost:3000/_next/static/chunks/0p2h_react-dom_0vsf22y._.js:15305
[ 1759267ms] Error: ./src/modules/rooms/components/RoomDetailPage.tsx:298:24
the name `setTimelinePage` is defined multiple times
  296 |
  297 |   const { room } = data
> 298 |   const [timelinePage, setTimelinePage] = useState(0)
      |                        ^^^^^^^^^^^^^^^
  299 |   const TIMELINE_PAGE_SIZE = 10
  300 |   const totalTimelinePages = Math.max(1, Math.ceil(history.length / TIMELINE_PAGE_SIZE))
  301 |   const timelineData = history.slice(timelinePage * TIMELINE_PAGE_SIZE, (timelinePage + 1) * TIMELINE_PAGE_SIZE)

Ecmascript file had an error

Import trace:
  Server Component:
    ./src/modules/rooms/components/RoomDetailPage.tsx
    ./src/app/[locale]/(dashboard)/rooms/[id]/page.tsx


    at <unknown> (Error: ./src/modules/rooms/components/RoomDetailPage.tsx:298:24)
    at Object.getCompilationErrors (file://D:\ai-practise\hotel-system\node_modules\.pnpm\next@16.2.4_@babel+core@7.2_51bdc8bff408d5fd8787be86318099b3\node_modules\next\dist\server\dev\hot-reloader-turbopack.js:1186:59)
    at DevBundlerService.getCompilationError (file://D:\ai-practise\hotel-system\node_modules\.pnpm\next@16.2.4_@babel+core@7.2_51bdc8bff408d5fd8787be86318099b3\node_modules\next\dist\server\lib\dev-bundler-service.js:44:55)
    at DevServer.getCompilationError (file://D:\ai-practise\hotel-system\node_modules\.pnpm\next@16.2.4_@babel+core@7.2_51bdc8bff408d5fd8787be86318099b3\node_modules\next\dist\server\dev\next-dev-server.js:719:42)
    at DevServer.findPageComponents (file://D:\ai-practise\hotel-system\node_modules\.pnpm\next@16.2.4_@babel+core@7.2_51bdc8bff408d5fd8787be86318099b3\node_modules\next\dist\server\dev\next-dev-server.js:689:43)
    at async DevServer.renderErrorToResponseImpl (file://D:\ai-practise\hotel-system\node_modules\.pnpm\next@16.2.4_@babel+core@7.2_51bdc8bff408d5fd8787be86318099b3\node_modules\next\dist\server\base-server.js:1745:26)
[ 1759114ms] [LOG] [HMR] connected @ http://localhost:3000/_next/static/chunks/10wn_next_dist_0.0mts.._.js:1226
[ 1759147ms] [ERROR] ./src/modules/rooms/components/RoomDetailPage.tsx:298:24
the name `setTimelinePage` is defined multiple times
  296 |
  297 |   const { room } = data
> 298 |   const [timelinePage, setTimelinePage] = useState(0)
      |                        ^^^^^^^^^^^^^^^
  299 |   const TIMELINE_PAGE_SIZE = 10
  300 |   const totalTimelinePages = Math.max(1, Math.ceil(history.length / TIMELINE_PAGE_SIZE))
  301 |   const timelineData = history.slice(timelinePage * TIMELINE_PAGE_SIZE, (timelinePage + 1) * TIMELINE_PAGE_SIZE)

Ecmascript file had an error

Import trace:
  Server Component:
    ./src/modules/rooms/components/RoomDetailPage.tsx
    ./src/app/[locale]/(dashboard)/rooms/[id]/page.tsx @ http://localhost:3000/_next/static/chunks/10wn_next_dist_0.0mts.._.js:1945
[ 1759147ms] [ERROR] ./src/modules/rooms/components/RoomDetailPage.tsx:298:10
the name `timelinePage` is defined multiple times
  296 |
  297 |   const { room } = data
> 298 |   const [timelinePage, setTimelinePage] = useState(0)
      |          ^^^^^^^^^^^^
  299 |   const TIMELINE_PAGE_SIZE = 10
  300 |   const totalTimelinePages = Math.max(1, Math.ceil(history.length / TIMELINE_PAGE_SIZE))
  301 |   const timelineData = history.slice(timelinePage * TIMELINE_PAGE_SIZE, (timelinePage + 1) * TIMELINE_PAGE_SIZE)

Ecmascript file had an error

Import trace:
  Server Component:
    ./src/modules/rooms/components/RoomDetailPage.tsx
    ./src/app/[locale]/(dashboard)/rooms/[id]/page.tsx @ http://localhost:3000/_next/static/chunks/10wn_next_dist_0.0mts.._.js:1945
[ 1759166ms] [ERROR] ./src/modules/rooms/components/RoomDetailPage.tsx:298:24
the name `setTimelinePage` is defined multiple times
  296 |
  297 |   const { room } = data
> 298 |   const [timelinePage, setTimelinePage] = useState(0)
      |                        ^^^^^^^^^^^^^^^
  299 |   const TIMELINE_PAGE_SIZE = 10
  300 |   const totalTimelinePages = Math.max(1, Math.ceil(history.length / TIMELINE_PAGE_SIZE))
  301 |   const timelineData = history.slice(timelinePage * TIMELINE_PAGE_SIZE, (timelinePage + 1) * TIMELINE_PAGE_SIZE)

Ecmascript file had an error

Import trace:
  Server Component:
    ./src/modules/rooms/components/RoomDetailPage.tsx
    ./src/app/[locale]/(dashboard)/rooms/[id]/page.tsx @ http://localhost:3000/_next/static/chunks/10wn_next_dist_0.0mts.._.js:1945
[ 1759167ms] [ERROR] ./src/modules/rooms/components/RoomDetailPage.tsx:298:10
the name `timelinePage` is defined multiple times
  296 |
  297 |   const { room } = data
> 298 |   const [timelinePage, setTimelinePage] = useState(0)
      |          ^^^^^^^^^^^^
  299 |   const TIMELINE_PAGE_SIZE = 10
  300 |   const totalTimelinePages = Math.max(1, Math.ceil(history.length / TIMELINE_PAGE_SIZE))
  301 |   const timelineData = history.slice(timelinePage * TIMELINE_PAGE_SIZE, (timelinePage + 1) * TIMELINE_PAGE_SIZE)

Ecmascript file had an error

Import trace:
  Server Component:
    ./src/modules/rooms/components/RoomDetailPage.tsx
    ./src/app/[locale]/(dashboard)/rooms/[id]/page.tsx @ http://localhost:3000/_next/static/chunks/10wn_next_dist_0.0mts.._.js:1945
[ 1759319ms] [LOG] [Fast Refresh] rebuilding @ http://localhost:3000/_next/static/chunks/10wn_next_dist_0.0mts.._.js:1226
[ 1765326ms] [INFO] %cDownload the React DevTools for a better development experience: https://react.dev/link/react-devtools font-weight:bold @ http://localhost:3000/_next/static/chunks/10wn_next_dist_0.s8sen._.js:2431
[ 1765373ms] [LOG] [HMR] connected @ http://localhost:3000/_next/static/chunks/10wn_next_dist_0.s8sen._.js:2431
[ 1779116ms] [LOG] [Fast Refresh] rebuilding @ http://localhost:3000/_next/static/chunks/10wn_next_dist_0.s8sen._.js:2431
[ 1779237ms] [LOG] [Fast Refresh] done in 241ms @ http://localhost:3000/_next/static/chunks/10wn_next_dist_0.s8sen._.js:2431
[ 1836583ms] [LOG] [Fast Refresh] rebuilding @ http://localhost:3000/_next/static/chunks/10wn_next_dist_0.s8sen._.js:2431
[ 1836600ms] [LOG] [Fast Refresh] done in 121ms @ http://localhost:3000/_next/static/chunks/10wn_next_dist_0.s8sen._.js:2431
[ 1859458ms] [LOG] [Fast Refresh] rebuilding @ http://localhost:3000/_next/static/chunks/10wn_next_dist_0.s8sen._.js:2431
[ 1859540ms] [LOG] [Fast Refresh] done in 197ms @ http://localhost:3000/_next/static/chunks/10wn_next_dist_0.s8sen._.js:2431
[ 1861327ms] [LOG] [Fast Refresh] rebuilding @ http://localhost:3000/_next/static/chunks/10wn_next_dist_0.s8sen._.js:2431
[ 1861332ms] [LOG] [Fast Refresh] done in 113ms @ http://localhost:3000/_next/static/chunks/10wn_next_dist_0.s8sen._.js:2431
[ 1941817ms] [LOG] [Fast Refresh] rebuilding @ http://localhost:3000/_next/static/chunks/10wn_next_dist_0.s8sen._.js:2431
[ 1942245ms] [LOG] [Fast Refresh] done in 537ms @ http://localhost:3000/_next/static/chunks/10wn_next_dist_0.s8sen._.js:2431
[ 1944745ms] [LOG] [Fast Refresh] rebuilding @ http://localhost:3000/_next/static/chunks/10wn_next_dist_0.s8sen._.js:2431
[ 1945342ms] [LOG] [Fast Refresh] done in 705ms @ http://localhost:3000/_next/static/chunks/10wn_next_dist_0.s8sen._.js:2431
[ 1949846ms] [LOG] [Fast Refresh] rebuilding @ http://localhost:3000/_next/static/chunks/10wn_next_dist_0.s8sen._.js:2431
[ 1950221ms] [LOG] [Fast Refresh] done in 482ms @ http://localhost:3000/_next/static/chunks/10wn_next_dist_0.s8sen._.js:2431
[ 1951660ms] [LOG] [Fast Refresh] rebuilding @ http://localhost:3000/_next/static/chunks/10wn_next_dist_0.s8sen._.js:2431
[ 1952037ms] [LOG] [Fast Refresh] done in 478ms @ http://localhost:3000/_next/static/chunks/10wn_next_dist_0.s8sen._.js:2431
[ 2000195ms] [LOG] [Fast Refresh] rebuilding @ http://localhost:3000/_next/static/chunks/10wn_next_dist_0.s8sen._.js:2431
[ 2000265ms] [LOG] [Fast Refresh] done in 177ms @ http://localhost:3000/_next/static/chunks/10wn_next_dist_0.s8sen._.js:2431
[ 2119103ms] [LOG] [Fast Refresh] rebuilding @ http://localhost:3000/_next/static/chunks/10wn_next_dist_0.s8sen._.js:2431
[ 2119191ms] [LOG] [Fast Refresh] done in 198ms @ http://localhost:3000/_next/static/chunks/10wn_next_dist_0.s8sen._.js:2431
[ 2119958ms] [LOG] [Fast Refresh] rebuilding @ http://localhost:3000/_next/static/chunks/10wn_next_dist_0.s8sen._.js:2431
[ 2120333ms] [LOG] [Fast Refresh] done in 490ms @ http://localhost:3000/_next/static/chunks/10wn_next_dist_0.s8sen._.js:2431
[ 2138232ms] [LOG] [Fast Refresh] rebuilding @ http://localhost:3000/_next/static/chunks/10wn_next_dist_0.s8sen._.js:2431
[ 2138257ms] [LOG] [Fast Refresh] done in 135ms @ http://localhost:3000/_next/static/chunks/10wn_next_dist_0.s8sen._.js:2431
[ 2138455ms] [LOG] [Fast Refresh] rebuilding @ http://localhost:3000/_next/static/chunks/10wn_next_dist_0.s8sen._.js:2431
[ 2138474ms] [LOG] [Fast Refresh] done in 136ms @ http://localhost:3000/_next/static/chunks/10wn_next_dist_0.s8sen._.js:2431
[ 2150994ms] [ERROR] WebSocket connection to 'ws://localhost:3000/_next/webpack-hmr?id=r-VAVXOMJYnx1hOvjF-xI' failed: Error in connection establishment: net::ERR_CONNECTION_REFUSED @ http://localhost:3000/_next/static/chunks/10wn_next_dist_client_0nerhki._.js:13299
[ 2154332ms] [ERROR] WebSocket connection to 'ws://localhost:3000/_next/webpack-hmr?id=r-VAVXOMJYnx1hOvjF-xI' failed: Error in connection establishment: net::ERR_CONNECTION_REFUSED @ http://localhost:3000/_next/static/chunks/10wn_next_dist_client_0nerhki._.js:13299
[ 2157691ms] [ERROR] WebSocket connection to 'ws://localhost:3000/_next/webpack-hmr?id=r-VAVXOMJYnx1hOvjF-xI' failed: Error in connection establishment: net::ERR_CONNECTION_REFUSED @ http://localhost:3000/_next/static/chunks/10wn_next_dist_client_0nerhki._.js:13299
[ 2161040ms] [ERROR] WebSocket connection to 'ws://localhost:3000/_next/webpack-hmr?id=r-VAVXOMJYnx1hOvjF-xI' failed: Error in connection establishment: net::ERR_CONNECTION_REFUSED @ http://localhost:3000/_next/static/chunks/10wn_next_dist_client_0nerhki._.js:13299
[ 2164387ms] [ERROR] WebSocket connection to 'ws://localhost:3000/_next/webpack-hmr?id=r-VAVXOMJYnx1hOvjF-xI' failed: Error in connection establishment: net::ERR_CONNECTION_REFUSED @ http://localhost:3000/_next/static/chunks/10wn_next_dist_client_0nerhki._.js:13299
[ 2171750ms] [ERROR] WebSocket connection to 'ws://localhost:3000/_next/webpack-hmr?id=r-VAVXOMJYnx1hOvjF-xI' failed: Error in connection establishment: net::ERR_CONNECTION_REFUSED @ http://localhost:3000/_next/static/chunks/10wn_next_dist_client_0nerhki._.js:13299
[ 2273616ms] [LOG] [HMR] connected @ http://localhost:3000/_next/static/chunks/10wn_next_dist_0.s8sen._.js:2431
[ 2338768ms] [INFO] %cDownload the React DevTools for a better development experience: https://react.dev/link/react-devtools font-weight:bold @ http://localhost:3000/_next/static/chunks/10wn_next_dist_0.s8sen._.js:2431
[ 2338804ms] [LOG] [HMR] connected @ http://localhost:3000/_next/static/chunks/10wn_next_dist_0.s8sen._.js:2431
[ 2507937ms] [LOG] [Fast Refresh] rebuilding @ http://localhost:3000/_next/static/chunks/10wn_next_dist_0.s8sen._.js:2431
[ 2514440ms] [LOG] [Fast Refresh] done in 6611ms @ http://localhost:3000/_next/static/chunks/10wn_next_dist_0.s8sen._.js:2431
[ 2514574ms] [LOG] [Fast Refresh] rebuilding @ http://localhost:3000/_next/static/chunks/10wn_next_dist_0.s8sen._.js:2431
[ 2514923ms] [LOG] [Fast Refresh] done in 454ms @ http://localhost:3000/_next/static/chunks/10wn_next_dist_0.s8sen._.js:2431
[ 2515374ms] [LOG] [Fast Refresh] rebuilding @ http://localhost:3000/_next/static/chunks/10wn_next_dist_0.s8sen._.js:2431
[ 2515513ms] [LOG] [Fast Refresh] done in 243ms @ http://localhost:3000/_next/static/chunks/10wn_next_dist_0.s8sen._.js:2431
[ 2515640ms] [LOG] [Fast Refresh] rebuilding @ http://localhost:3000/_next/static/chunks/10wn_next_dist_0.s8sen._.js:2431
[ 2515704ms] [LOG] [Fast Refresh] done in 173ms @ http://localhost:3000/_next/static/chunks/10wn_next_dist_0.s8sen._.js:2431
[ 2516170ms] [LOG] [Fast Refresh] rebuilding @ http://localhost:3000/_next/static/chunks/10wn_next_dist_0.s8sen._.js:2431
[ 2516428ms] [LOG] [Fast Refresh] done in 368ms @ http://localhost:3000/_next/static/chunks/10wn_next_dist_0.s8sen._.js:2431
[ 2564282ms] [LOG] [Fast Refresh] rebuilding @ http://localhost:3000/_next/static/chunks/10wn_next_dist_0.s8sen._.js:2431
[ 2565481ms] [LOG] [Fast Refresh] done in 1298ms @ http://localhost:3000/_next/static/chunks/10wn_next_dist_0.s8sen._.js:2431
[ 2565620ms] [LOG] [Fast Refresh] rebuilding @ http://localhost:3000/_next/static/chunks/10wn_next_dist_0.s8sen._.js:2431
[ 2565842ms] [LOG] [Fast Refresh] done in 330ms @ http://localhost:3000/_next/static/chunks/10wn_next_dist_0.s8sen._.js:2431
[ 2566724ms] [LOG] [Fast Refresh] rebuilding @ http://localhost:3000/_next/static/chunks/10wn_next_dist_0.s8sen._.js:2431
[ 2566737ms] [LOG] [Fast Refresh] done in 123ms @ http://localhost:3000/_next/static/chunks/10wn_next_dist_0.s8sen._.js:2431
[ 2567028ms] [LOG] [Fast Refresh] rebuilding @ http://localhost:3000/_next/static/chunks/10wn_next_dist_0.s8sen._.js:2431
[ 2567257ms] [LOG] [Fast Refresh] done in 337ms @ http://localhost:3000/_next/static/chunks/10wn_next_dist_0.s8sen._.js:2431
[ 2610976ms] [LOG] [Fast Refresh] rebuilding @ http://localhost:3000/_next/static/chunks/10wn_next_dist_0.s8sen._.js:2431
[ 2611860ms] [LOG] [Fast Refresh] done in 985ms @ http://localhost:3000/_next/static/chunks/10wn_next_dist_0.s8sen._.js:2431
[ 2611992ms] [LOG] [Fast Refresh] rebuilding @ http://localhost:3000/_next/static/chunks/10wn_next_dist_0.s8sen._.js:2431
[ 2612352ms] [LOG] [Fast Refresh] done in 461ms @ http://localhost:3000/_next/static/chunks/10wn_next_dist_0.s8sen._.js:2431
[ 2612875ms] [LOG] [Fast Refresh] rebuilding @ http://localhost:3000/_next/static/chunks/10wn_next_dist_0.s8sen._.js:2431
[ 2612912ms] [LOG] [Fast Refresh] done in 141ms @ http://localhost:3000/_next/static/chunks/10wn_next_dist_0.s8sen._.js:2431
[ 2613304ms] [LOG] [Fast Refresh] rebuilding @ http://localhost:3000/_next/static/chunks/10wn_next_dist_0.s8sen._.js:2431
[ 2613585ms] [LOG] [Fast Refresh] done in 390ms @ http://localhost:3000/_next/static/chunks/10wn_next_dist_0.s8sen._.js:2431
[ 2713572ms] [LOG] [Fast Refresh] rebuilding @ http://localhost:3000/_next/static/chunks/10wn_next_dist_0.s8sen._.js:2431
[ 2714534ms] [LOG] [Fast Refresh] done in 1063ms @ http://localhost:3000/_next/static/chunks/10wn_next_dist_0.s8sen._.js:2431
[ 2714656ms] [LOG] [Fast Refresh] rebuilding @ http://localhost:3000/_next/static/chunks/10wn_next_dist_0.s8sen._.js:2431
[ 2715025ms] [LOG] [Fast Refresh] done in 472ms @ http://localhost:3000/_next/static/chunks/10wn_next_dist_0.s8sen._.js:2431
[ 2715206ms] [LOG] [Fast Refresh] rebuilding @ http://localhost:3000/_next/static/chunks/10wn_next_dist_0.s8sen._.js:2431
[ 2715434ms] [LOG] [Fast Refresh] done in 330ms @ http://localhost:3000/_next/static/chunks/10wn_next_dist_0.s8sen._.js:2431
[ 2716489ms] [LOG] [Fast Refresh] rebuilding @ http://localhost:3000/_next/static/chunks/10wn_next_dist_0.s8sen._.js:2431
[ 2716500ms] [LOG] [Fast Refresh] done in 117ms @ http://localhost:3000/_next/static/chunks/10wn_next_dist_0.s8sen._.js:2431
[ 2716936ms] [LOG] [Fast Refresh] rebuilding @ http://localhost:3000/_next/static/chunks/10wn_next_dist_0.s8sen._.js:2431
[ 2717537ms] [LOG] [Fast Refresh] done in 709ms @ http://localhost:3000/_next/static/chunks/10wn_next_dist_0.s8sen._.js:2431
[ 2747197ms] [LOG] [Fast Refresh] rebuilding @ http://localhost:3000/_next/static/chunks/10wn_next_dist_0.s8sen._.js:2431
[ 2748058ms] [LOG] [Fast Refresh] done in 965ms @ http://localhost:3000/_next/static/chunks/10wn_next_dist_0.s8sen._.js:2431
[ 2748258ms] [LOG] [Fast Refresh] rebuilding @ http://localhost:3000/_next/static/chunks/10wn_next_dist_0.s8sen._.js:2431
[ 2748497ms] [LOG] [Fast Refresh] done in 350ms @ http://localhost:3000/_next/static/chunks/10wn_next_dist_0.s8sen._.js:2431
[ 2749328ms] [LOG] [Fast Refresh] rebuilding @ http://localhost:3000/_next/static/chunks/10wn_next_dist_0.s8sen._.js:2431
[ 2749334ms] [LOG] [Fast Refresh] done in 121ms @ http://localhost:3000/_next/static/chunks/10wn_next_dist_0.s8sen._.js:2431
[ 2749590ms] [LOG] [Fast Refresh] rebuilding @ http://localhost:3000/_next/static/chunks/10wn_next_dist_0.s8sen._.js:2431
[ 2749876ms] [LOG] [Fast Refresh] done in 395ms @ http://localhost:3000/_next/static/chunks/10wn_next_dist_0.s8sen._.js:2431
[ 2793812ms] [LOG] [Fast Refresh] rebuilding @ http://localhost:3000/_next/static/chunks/10wn_next_dist_0.s8sen._.js:2431
[ 2794376ms] [LOG] [Fast Refresh] done in 665ms @ http://localhost:3000/_next/static/chunks/10wn_next_dist_0.s8sen._.js:2431
[ 2794495ms] [LOG] [Fast Refresh] rebuilding @ http://localhost:3000/_next/static/chunks/10wn_next_dist_0.s8sen._.js:2431
[ 2794709ms] [LOG] [Fast Refresh] done in 318ms @ http://localhost:3000/_next/static/chunks/10wn_next_dist_0.s8sen._.js:2431
[ 2795428ms] [LOG] [Fast Refresh] rebuilding @ http://localhost:3000/_next/static/chunks/10wn_next_dist_0.s8sen._.js:2431
[ 2795477ms] [LOG] [Fast Refresh] done in 157ms @ http://localhost:3000/_next/static/chunks/10wn_next_dist_0.s8sen._.js:2431
[ 2795660ms] [LOG] [Fast Refresh] rebuilding @ http://localhost:3000/_next/static/chunks/10wn_next_dist_0.s8sen._.js:2431
[ 2795926ms] [LOG] [Fast Refresh] done in 369ms @ http://localhost:3000/_next/static/chunks/10wn_next_dist_0.s8sen._.js:2431
[ 2818486ms] [LOG] [Fast Refresh] rebuilding @ http://localhost:3000/_next/static/chunks/10wn_next_dist_0.s8sen._.js:2431
[ 2818534ms] [LOG] [Fast Refresh] done in 154ms @ http://localhost:3000/_next/static/chunks/10wn_next_dist_0.s8sen._.js:2431
[ 2820269ms] [LOG] [Fast Refresh] rebuilding @ http://localhost:3000/_next/static/chunks/10wn_next_dist_0.s8sen._.js:2431
[ 2820422ms] [LOG] [Fast Refresh] done in 256ms @ http://localhost:3000/_next/static/chunks/10wn_next_dist_0.s8sen._.js:2431
[ 2825334ms] [LOG] [Fast Refresh] rebuilding @ http://localhost:3000/_next/static/chunks/10wn_next_dist_0.s8sen._.js:2431
[ 2825336ms] [LOG] [Fast Refresh] done in 107ms @ http://localhost:3000/_next/static/chunks/10wn_next_dist_0.s8sen._.js:2431
[ 2928554ms] [LOG] [Fast Refresh] rebuilding @ http://localhost:3000/_next/static/chunks/10wn_next_dist_0.s8sen._.js:2431
[ 2929581ms] [LOG] [Fast Refresh] done in 1135ms @ http://localhost:3000/_next/static/chunks/10wn_next_dist_0.s8sen._.js:2431
[ 2929718ms] [LOG] [Fast Refresh] rebuilding @ http://localhost:3000/_next/static/chunks/10wn_next_dist_0.s8sen._.js:2431
[ 2930014ms] [LOG] [Fast Refresh] done in 407ms @ http://localhost:3000/_next/static/chunks/10wn_next_dist_0.s8sen._.js:2431
[ 2930271ms] [LOG] [Fast Refresh] rebuilding @ http://localhost:3000/_next/static/chunks/10wn_next_dist_0.s8sen._.js:2431
[ 2930296ms] [LOG] [Fast Refresh] done in 126ms @ http://localhost:3000/_next/static/chunks/10wn_next_dist_0.s8sen._.js:2431
[ 2930420ms] [LOG] [Fast Refresh] rebuilding @ http://localhost:3000/_next/static/chunks/10wn_next_dist_0.s8sen._.js:2431
[ 2930639ms] [LOG] [Fast Refresh] done in 320ms @ http://localhost:3000/_next/static/chunks/10wn_next_dist_0.s8sen._.js:2431
[ 2931232ms] [LOG] [Fast Refresh] rebuilding @ http://localhost:3000/_next/static/chunks/10wn_next_dist_0.s8sen._.js:2431
[ 2931454ms] [LOG] [Fast Refresh] done in 329ms @ http://localhost:3000/_next/static/chunks/10wn_next_dist_0.s8sen._.js:2431
[ 2946095ms] [LOG] [Fast Refresh] rebuilding @ http://localhost:3000/_next/static/chunks/10wn_next_dist_0.s8sen._.js:2431
[ 2947018ms] [LOG] [Fast Refresh] done in 1023ms @ http://localhost:3000/_next/static/chunks/10wn_next_dist_0.s8sen._.js:2431
[ 2947158ms] [LOG] [Fast Refresh] rebuilding @ http://localhost:3000/_next/static/chunks/10wn_next_dist_0.s8sen._.js:2431
[ 2947400ms] [LOG] [Fast Refresh] done in 349ms @ http://localhost:3000/_next/static/chunks/10wn_next_dist_0.s8sen._.js:2431
[ 2948226ms] [LOG] [Fast Refresh] rebuilding @ http://localhost:3000/_next/static/chunks/10wn_next_dist_0.s8sen._.js:2431
[ 2948424ms] [LOG] [Fast Refresh] done in 303ms @ http://localhost:3000/_next/static/chunks/10wn_next_dist_0.s8sen._.js:2431
[ 2959013ms] [LOG] [Fast Refresh] rebuilding @ http://localhost:3000/_next/static/chunks/10wn_next_dist_0.s8sen._.js:2431
[ 2959820ms] [LOG] [Fast Refresh] done in 922ms @ http://localhost:3000/_next/static/chunks/10wn_next_dist_0.s8sen._.js:2431
[ 2959945ms] [LOG] [Fast Refresh] rebuilding @ http://localhost:3000/_next/static/chunks/10wn_next_dist_0.s8sen._.js:2431
[ 2960415ms] [LOG] [Fast Refresh] done in 570ms @ http://localhost:3000/_next/static/chunks/10wn_next_dist_0.s8sen._.js:2431
[ 2960957ms] [LOG] [Fast Refresh] rebuilding @ http://localhost:3000/_next/static/chunks/10wn_next_dist_0.s8sen._.js:2431
[ 2961183ms] [LOG] [Fast Refresh] done in 332ms @ http://localhost:3000/_next/static/chunks/10wn_next_dist_0.s8sen._.js:2431
[ 2974500ms] [LOG] [Fast Refresh] rebuilding @ http://localhost:3000/_next/static/chunks/10wn_next_dist_0.s8sen._.js:2431
[ 2975589ms] [LOG] [Fast Refresh] done in 1193ms @ http://localhost:3000/_next/static/chunks/10wn_next_dist_0.s8sen._.js:2431
[ 2975716ms] [LOG] [Fast Refresh] rebuilding @ http://localhost:3000/_next/static/chunks/10wn_next_dist_0.s8sen._.js:2431
[ 2976014ms] [LOG] [Fast Refresh] done in 405ms @ http://localhost:3000/_next/static/chunks/10wn_next_dist_0.s8sen._.js:2431
[ 2977268ms] [LOG] [Fast Refresh] rebuilding @ http://localhost:3000/_next/static/chunks/10wn_next_dist_0.s8sen._.js:2431
[ 2977516ms] [LOG] [Fast Refresh] done in 355ms @ http://localhost:3000/_next/static/chunks/10wn_next_dist_0.s8sen._.js:2431
[ 2988748ms] [LOG] [Fast Refresh] rebuilding @ http://localhost:3000/_next/static/chunks/10wn_next_dist_0.s8sen._.js:2431
[ 2989755ms] [LOG] [Fast Refresh] done in 1115ms @ http://localhost:3000/_next/static/chunks/10wn_next_dist_0.s8sen._.js:2431
[ 2989911ms] [LOG] [Fast Refresh] rebuilding @ http://localhost:3000/_next/static/chunks/10wn_next_dist_0.s8sen._.js:2431
[ 2990156ms] [LOG] [Fast Refresh] done in 347ms @ http://localhost:3000/_next/static/chunks/10wn_next_dist_0.s8sen._.js:2431
[ 2991495ms] [LOG] [Fast Refresh] rebuilding @ http://localhost:3000/_next/static/chunks/10wn_next_dist_0.s8sen._.js:2431
[ 2991714ms] [LOG] [Fast Refresh] done in 329ms @ http://localhost:3000/_next/static/chunks/10wn_next_dist_0.s8sen._.js:2431
[ 3219252ms] [LOG] [Fast Refresh] rebuilding @ http://localhost:3000/_next/static/chunks/10wn_next_dist_0.s8sen._.js:2431
[ 3219842ms] [LOG] [Fast Refresh] done in 690ms @ http://localhost:3000/_next/static/chunks/10wn_next_dist_0.s8sen._.js:2431
[ 3220802ms] [LOG] [Fast Refresh] rebuilding @ http://localhost:3000/_next/static/chunks/10wn_next_dist_0.s8sen._.js:2431
[ 3220809ms] [LOG] [Fast Refresh] done in 107ms @ http://localhost:3000/_next/static/chunks/10wn_next_dist_0.s8sen._.js:2431
[ 3221316ms] [LOG] [Fast Refresh] rebuilding @ http://localhost:3000/_next/static/chunks/10wn_next_dist_0.s8sen._.js:2431
[ 3221543ms] [LOG] [Fast Refresh] done in 339ms @ http://localhost:3000/_next/static/chunks/10wn_next_dist_0.s8sen._.js:2431
[ 3228200ms] [LOG] [Fast Refresh] rebuilding @ http://localhost:3000/_next/static/chunks/10wn_next_dist_0.s8sen._.js:2431
[ 3228842ms] [LOG] [Fast Refresh] done in 740ms @ http://localhost:3000/_next/static/chunks/10wn_next_dist_0.s8sen._.js:2431
[ 3228967ms] [LOG] [Fast Refresh] rebuilding @ http://localhost:3000/_next/static/chunks/10wn_next_dist_0.s8sen._.js:2431
[ 3229146ms] [LOG] [Fast Refresh] done in 284ms @ http://localhost:3000/_next/static/chunks/10wn_next_dist_0.s8sen._.js:2431
[ 3230198ms] [LOG] [Fast Refresh] rebuilding @ http://localhost:3000/_next/static/chunks/10wn_next_dist_0.s8sen._.js:2431
[ 3230416ms] [LOG] [Fast Refresh] done in 322ms @ http://localhost:3000/_next/static/chunks/10wn_next_dist_0.s8sen._.js:2431
[ 3600639ms] [LOG] [Fast Refresh] rebuilding @ http://localhost:3000/_next/static/chunks/10wn_next_dist_0.s8sen._.js:2431
[ 3605760ms] [LOG] [Fast Refresh] done in 5161ms @ http://localhost:3000/_next/static/chunks/10wn_next_dist_0.s8sen._.js:2431
[ 3606171ms] [LOG] [Fast Refresh] rebuilding @ http://localhost:3000/_next/static/chunks/10wn_next_dist_0.s8sen._.js:2431
[ 3606300ms] [LOG] [Fast Refresh] done in 237ms @ http://localhost:3000/_next/static/chunks/10wn_next_dist_0.s8sen._.js:2431
[ 3606437ms] [LOG] [Fast Refresh] rebuilding @ http://localhost:3000/_next/static/chunks/10wn_next_dist_0.s8sen._.js:2431
[ 3606482ms] [LOG] [Fast Refresh] done in 147ms @ http://localhost:3000/_next/static/chunks/10wn_next_dist_0.s8sen._.js:2431
[ 3606589ms] [LOG] [Fast Refresh] rebuilding @ http://localhost:3000/_next/static/chunks/10wn_next_dist_0.s8sen._.js:2431
[ 3606602ms] [LOG] [Fast Refresh] done in 115ms @ http://localhost:3000/_next/static/chunks/10wn_next_dist_0.s8sen._.js:2431
[ 3608554ms] [LOG] [Fast Refresh] rebuilding @ http://localhost:3000/_next/static/chunks/10wn_next_dist_0.s8sen._.js:2431
[ 3608672ms] [LOG] [Fast Refresh] done in 221ms @ http://localhost:3000/_next/static/chunks/10wn_next_dist_0.s8sen._.js:2431
[ 3618834ms] [LOG] [Fast Refresh] rebuilding @ http://localhost:3000/_next/static/chunks/10wn_next_dist_0.s8sen._.js:2431
[ 3620307ms] [LOG] [Fast Refresh] done in 1579ms @ http://localhost:3000/_next/static/chunks/10wn_next_dist_0.s8sen._.js:2431
[ 3620434ms] [LOG] [Fast Refresh] rebuilding @ http://localhost:3000/_next/static/chunks/10wn_next_dist_0.s8sen._.js:2431
[ 3620645ms] [LOG] [Fast Refresh] done in 315ms @ http://localhost:3000/_next/static/chunks/10wn_next_dist_0.s8sen._.js:2431
[ 3621548ms] [LOG] [Fast Refresh] rebuilding @ http://localhost:3000/_next/static/chunks/10wn_next_dist_0.s8sen._.js:2431
[ 3621735ms] [LOG] [Fast Refresh] done in 301ms @ http://localhost:3000/_next/static/chunks/10wn_next_dist_0.s8sen._.js:2431
[ 3637174ms] [LOG] [Fast Refresh] rebuilding @ http://localhost:3000/_next/static/chunks/10wn_next_dist_0.s8sen._.js:2431
[ 3638934ms] [LOG] [Fast Refresh] done in 1866ms @ http://localhost:3000/_next/static/chunks/10wn_next_dist_0.s8sen._.js:2431
[ 3639511ms] [LOG] [Fast Refresh] rebuilding @ http://localhost:3000/_next/static/chunks/10wn_next_dist_0.s8sen._.js:2431
[ 3639742ms] [LOG] [Fast Refresh] done in 337ms @ http://localhost:3000/_next/static/chunks/10wn_next_dist_0.s8sen._.js:2431
[ 3639911ms] [LOG] [Fast Refresh] rebuilding @ http://localhost:3000/_next/static/chunks/10wn_next_dist_0.s8sen._.js:2431
[ 3640091ms] [LOG] [Fast Refresh] done in 281ms @ http://localhost:3000/_next/static/chunks/10wn_next_dist_0.s8sen._.js:2431
[ 3640244ms] [LOG] [Fast Refresh] rebuilding @ http://localhost:3000/_next/static/chunks/10wn_next_dist_0.s8sen._.js:2431
[ 3640308ms] [LOG] [Fast Refresh] done in 164ms @ http://localhost:3000/_next/static/chunks/10wn_next_dist_0.s8sen._.js:2431
[ 3640611ms] [LOG] [Fast Refresh] rebuilding @ http://localhost:3000/_next/static/chunks/10wn_next_dist_0.s8sen._.js:2431
[ 3640913ms] [LOG] [Fast Refresh] done in 407ms @ http://localhost:3000/_next/static/chunks/10wn_next_dist_0.s8sen._.js:2431
[ 3649274ms] [LOG] [Fast Refresh] rebuilding @ http://localhost:3000/_next/static/chunks/10wn_next_dist_0.s8sen._.js:2431
[ 3650576ms] [LOG] [Fast Refresh] done in 1413ms @ http://localhost:3000/_next/static/chunks/10wn_next_dist_0.s8sen._.js:2431
[ 3650974ms] [LOG] [Fast Refresh] rebuilding @ http://localhost:3000/_next/static/chunks/10wn_next_dist_0.s8sen._.js:2431
[ 3651254ms] [LOG] [Fast Refresh] done in 384ms @ http://localhost:3000/_next/static/chunks/10wn_next_dist_0.s8sen._.js:2431
[ 3651503ms] [LOG] [Fast Refresh] rebuilding @ http://localhost:3000/_next/static/chunks/10wn_next_dist_0.s8sen._.js:2431
[ 3651535ms] [LOG] [Fast Refresh] done in 140ms @ http://localhost:3000/_next/static/chunks/10wn_next_dist_0.s8sen._.js:2431
[ 3651657ms] [LOG] [Fast Refresh] rebuilding @ http://localhost:3000/_next/static/chunks/10wn_next_dist_0.s8sen._.js:2431
[ 3651734ms] [LOG] [Fast Refresh] done in 189ms @ http://localhost:3000/_next/static/chunks/10wn_next_dist_0.s8sen._.js:2431
[ 3651835ms] [LOG] [Fast Refresh] rebuilding @ http://localhost:3000/_next/static/chunks/10wn_next_dist_0.s8sen._.js:2431
[ 3651836ms] [LOG] [Fast Refresh] done in 102ms @ http://localhost:3000/_next/static/chunks/10wn_next_dist_0.s8sen._.js:2431
[ 3652039ms] [LOG] [Fast Refresh] rebuilding @ http://localhost:3000/_next/static/chunks/10wn_next_dist_0.s8sen._.js:2431
[ 3652366ms] [LOG] [Fast Refresh] done in 433ms @ http://localhost:3000/_next/static/chunks/10wn_next_dist_0.s8sen._.js:2431
[ 3669200ms] [LOG] [Fast Refresh] rebuilding @ http://localhost:3000/_next/static/chunks/10wn_next_dist_0.s8sen._.js:2431
[ 3669748ms] [LOG] [Fast Refresh] done in 654ms @ http://localhost:3000/_next/static/chunks/10wn_next_dist_0.s8sen._.js:2431
[ 3669867ms] [LOG] [Fast Refresh] rebuilding @ http://localhost:3000/_next/static/chunks/10wn_next_dist_0.s8sen._.js:2431
[ 3670118ms] [LOG] [Fast Refresh] done in 352ms @ http://localhost:3000/_next/static/chunks/10wn_next_dist_0.s8sen._.js:2431
[ 3671186ms] [LOG] [Fast Refresh] rebuilding @ http://localhost:3000/_next/static/chunks/10wn_next_dist_0.s8sen._.js:2431
[ 3671409ms] [LOG] [Fast Refresh] done in 328ms @ http://localhost:3000/_next/static/chunks/10wn_next_dist_0.s8sen._.js:2431
[ 3706253ms] [LOG] [Fast Refresh] rebuilding @ http://localhost:3000/_next/static/chunks/10wn_next_dist_0.s8sen._.js:2431
[ 3706489ms] [LOG] [Fast Refresh] done in 341ms @ http://localhost:3000/_next/static/chunks/10wn_next_dist_0.s8sen._.js:2431
[ 3787011ms] [LOG] [Fast Refresh] rebuilding @ http://localhost:3000/_next/static/chunks/10wn_next_dist_0.s8sen._.js:2431
[ 3787574ms] [LOG] [Fast Refresh] done in 668ms @ http://localhost:3000/_next/static/chunks/10wn_next_dist_0.s8sen._.js:2431
[ 3787691ms] [LOG] [Fast Refresh] rebuilding @ http://localhost:3000/_next/static/chunks/10wn_next_dist_0.s8sen._.js:2431
[ 3787874ms] [LOG] [Fast Refresh] done in 290ms @ http://localhost:3000/_next/static/chunks/10wn_next_dist_0.s8sen._.js:2431
[ 3789142ms] [LOG] [Fast Refresh] rebuilding @ http://localhost:3000/_next/static/chunks/10wn_next_dist_0.s8sen._.js:2431
[ 3789552ms] [LOG] [Fast Refresh] done in 524ms @ http://localhost:3000/_next/static/chunks/10wn_next_dist_0.s8sen._.js:2431
[ 3797206ms] [LOG] [Fast Refresh] rebuilding @ http://localhost:3000/_next/static/chunks/10wn_next_dist_0.s8sen._.js:2431
[ 3797695ms] [LOG] [Fast Refresh] done in 594ms @ http://localhost:3000/_next/static/chunks/10wn_next_dist_0.s8sen._.js:2431
[ 3797839ms] [LOG] [Fast Refresh] rebuilding @ http://localhost:3000/_next/static/chunks/10wn_next_dist_0.s8sen._.js:2431
[ 3797998ms] [LOG] [Fast Refresh] done in 267ms @ http://localhost:3000/_next/static/chunks/10wn_next_dist_0.s8sen._.js:2431
[ 3798505ms] [LOG] [Fast Refresh] rebuilding @ http://localhost:3000/_next/static/chunks/10wn_next_dist_0.s8sen._.js:2431
[ 3798567ms] [LOG] [Fast Refresh] done in 170ms @ http://localhost:3000/_next/static/chunks/10wn_next_dist_0.s8sen._.js:2431
[ 3799123ms] [LOG] [Fast Refresh] rebuilding @ http://localhost:3000/_next/static/chunks/10wn_next_dist_0.s8sen._.js:2431
[ 3799363ms] [LOG] [Fast Refresh] done in 344ms @ http://localhost:3000/_next/static/chunks/10wn_next_dist_0.s8sen._.js:2431
[ 3807185ms] [LOG] [Fast Refresh] rebuilding @ http://localhost:3000/_next/static/chunks/10wn_next_dist_0.s8sen._.js:2431
[ 3807700ms] [LOG] [Fast Refresh] done in 618ms @ http://localhost:3000/_next/static/chunks/10wn_next_dist_0.s8sen._.js:2431
[ 3807822ms] [LOG] [Fast Refresh] rebuilding @ http://localhost:3000/_next/static/chunks/10wn_next_dist_0.s8sen._.js:2431
[ 3808017ms] [LOG] [Fast Refresh] done in 305ms @ http://localhost:3000/_next/static/chunks/10wn_next_dist_0.s8sen._.js:2431
[ 3808688ms] [LOG] [Fast Refresh] rebuilding @ http://localhost:3000/_next/static/chunks/10wn_next_dist_0.s8sen._.js:2431
[ 3808710ms] [LOG] [Fast Refresh] done in 127ms @ http://localhost:3000/_next/static/chunks/10wn_next_dist_0.s8sen._.js:2431
[ 3808970ms] [LOG] [Fast Refresh] rebuilding @ http://localhost:3000/_next/static/chunks/10wn_next_dist_0.s8sen._.js:2431
[ 3809175ms] [LOG] [Fast Refresh] done in 315ms @ http://localhost:3000/_next/static/chunks/10wn_next_dist_0.s8sen._.js:2431
[ 3830542ms] [LOG] [Fast Refresh] rebuilding @ http://localhost:3000/_next/static/chunks/10wn_next_dist_0.s8sen._.js:2431
[ 3831081ms] [LOG] [Fast Refresh] done in 641ms @ http://localhost:3000/_next/static/chunks/10wn_next_dist_0.s8sen._.js:2431
[ 3831195ms] [LOG] [Fast Refresh] rebuilding @ http://localhost:3000/_next/static/chunks/10wn_next_dist_0.s8sen._.js:2431
[ 3831428ms] [LOG] [Fast Refresh] done in 338ms @ http://localhost:3000/_next/static/chunks/10wn_next_dist_0.s8sen._.js:2431
[ 3832416ms] [LOG] [Fast Refresh] rebuilding @ http://localhost:3000/_next/static/chunks/10wn_next_dist_0.s8sen._.js:2431
[ 3832621ms] [LOG] [Fast Refresh] done in 310ms @ http://localhost:3000/_next/static/chunks/10wn_next_dist_0.s8sen._.js:2431
[ 3833081ms] [LOG] [Fast Refresh] rebuilding @ http://localhost:3000/_next/static/chunks/10wn_next_dist_0.s8sen._.js:2431
[ 3833377ms] [LOG] [Fast Refresh] done in 404ms @ http://localhost:3000/_next/static/chunks/10wn_next_dist_0.s8sen._.js:2431
[ 3842249ms] [LOG] [Fast Refresh] rebuilding @ http://localhost:3000/_next/static/chunks/10wn_next_dist_0.s8sen._.js:2431
[ 3842426ms] [LOG] [Fast Refresh] done in 286ms @ http://localhost:3000/_next/static/chunks/10wn_next_dist_0.s8sen._.js:2431
[ 3853406ms] [LOG] [Fast Refresh] rebuilding @ http://localhost:3000/_next/static/chunks/10wn_next_dist_0.s8sen._.js:2431
[ 3853556ms] [LOG] [Fast Refresh] done in 258ms @ http://localhost:3000/_next/static/chunks/10wn_next_dist_0.s8sen._.js:2431
[ 3866622ms] [LOG] [Fast Refresh] rebuilding @ http://localhost:3000/_next/static/chunks/10wn_next_dist_0.s8sen._.js:2431
[ 3867186ms] [LOG] [Fast Refresh] done in 674ms @ http://localhost:3000/_next/static/chunks/10wn_next_dist_0.s8sen._.js:2431
[ 3867322ms] [LOG] [Fast Refresh] rebuilding @ http://localhost:3000/_next/static/chunks/10wn_next_dist_0.s8sen._.js:2431
[ 3867563ms] [LOG] [Fast Refresh] done in 342ms @ http://localhost:3000/_next/static/chunks/10wn_next_dist_0.s8sen._.js:2431
[ 3868567ms] [LOG] [Fast Refresh] rebuilding @ http://localhost:3000/_next/static/chunks/10wn_next_dist_0.s8sen._.js:2431
[ 3868734ms] [LOG] [Fast Refresh] done in 280ms @ http://localhost:3000/_next/static/chunks/10wn_next_dist_0.s8sen._.js:2431
[ 3936043ms] [LOG] [Fast Refresh] rebuilding @ http://localhost:3000/_next/static/chunks/10wn_next_dist_0.s8sen._.js:2431
[ 3936587ms] [LOG] [Fast Refresh] done in 647ms @ http://localhost:3000/_next/static/chunks/10wn_next_dist_0.s8sen._.js:2431
[ 3936711ms] [LOG] [Fast Refresh] rebuilding @ http://localhost:3000/_next/static/chunks/10wn_next_dist_0.s8sen._.js:2431
[ 3936868ms] [LOG] [Fast Refresh] done in 264ms @ http://localhost:3000/_next/static/chunks/10wn_next_dist_0.s8sen._.js:2431
[ 3938193ms] [LOG] [Fast Refresh] rebuilding @ http://localhost:3000/_next/static/chunks/10wn_next_dist_0.s8sen._.js:2431
[ 3938404ms] [LOG] [Fast Refresh] done in 327ms @ http://localhost:3000/_next/static/chunks/10wn_next_dist_0.s8sen._.js:2431
[ 3946822ms] [LOG] [Fast Refresh] rebuilding @ http://localhost:3000/_next/static/chunks/10wn_next_dist_0.s8sen._.js:2431
[ 3947432ms] [LOG] [Fast Refresh] done in 710ms @ http://localhost:3000/_next/static/chunks/10wn_next_dist_0.s8sen._.js:2431
[ 3947555ms] [LOG] [Fast Refresh] rebuilding @ http://localhost:3000/_next/static/chunks/10wn_next_dist_0.s8sen._.js:2431
[ 3947808ms] [LOG] [Fast Refresh] done in 355ms @ http://localhost:3000/_next/static/chunks/10wn_next_dist_0.s8sen._.js:2431
[ 3948825ms] [LOG] [Fast Refresh] rebuilding @ http://localhost:3000/_next/static/chunks/10wn_next_dist_0.s8sen._.js:2431
[ 3949052ms] [LOG] [Fast Refresh] done in 330ms @ http://localhost:3000/_next/static/chunks/10wn_next_dist_0.s8sen._.js:2431
[ 3978380ms] [LOG] [Fast Refresh] rebuilding @ http://localhost:3000/_next/static/chunks/10wn_next_dist_0.s8sen._.js:2431
[ 3978517ms] [LOG] [Fast Refresh] done in 244ms @ http://localhost:3000/_next/static/chunks/10wn_next_dist_0.s8sen._.js:2431
[ 4052752ms] [LOG] [Fast Refresh] rebuilding @ http://localhost:3000/_next/static/chunks/10wn_next_dist_0.s8sen._.js:2431
[ 4053268ms] [LOG] [Fast Refresh] done in 619ms @ http://localhost:3000/_next/static/chunks/10wn_next_dist_0.s8sen._.js:2431
[ 4053405ms] [LOG] [Fast Refresh] rebuilding @ http://localhost:3000/_next/static/chunks/10wn_next_dist_0.s8sen._.js:2431
[ 4053668ms] [LOG] [Fast Refresh] done in 372ms @ http://localhost:3000/_next/static/chunks/10wn_next_dist_0.s8sen._.js:2431
[ 4054379ms] [LOG] [Fast Refresh] rebuilding @ http://localhost:3000/_next/static/chunks/10wn_next_dist_0.s8sen._.js:2431
[ 4054452ms] [LOG] [Fast Refresh] done in 173ms @ http://localhost:3000/_next/static/chunks/10wn_next_dist_0.s8sen._.js:2431
[ 4055503ms] [LOG] [Fast Refresh] rebuilding @ http://localhost:3000/_next/static/chunks/10wn_next_dist_0.s8sen._.js:2431
[ 4055782ms] [LOG] [Fast Refresh] done in 389ms @ http://localhost:3000/_next/static/chunks/10wn_next_dist_0.s8sen._.js:2431
[ 4064764ms] [LOG] [Fast Refresh] rebuilding @ http://localhost:3000/_next/static/chunks/10wn_next_dist_0.s8sen._.js:2431
[ 4065354ms] [LOG] [Fast Refresh] done in 693ms @ http://localhost:3000/_next/static/chunks/10wn_next_dist_0.s8sen._.js:2431
[ 4065467ms] [LOG] [Fast Refresh] rebuilding @ http://localhost:3000/_next/static/chunks/10wn_next_dist_0.s8sen._.js:2431
[ 4065703ms] [LOG] [Fast Refresh] done in 336ms @ http://localhost:3000/_next/static/chunks/10wn_next_dist_0.s8sen._.js:2431
[ 4066282ms] [LOG] [Fast Refresh] rebuilding @ http://localhost:3000/_next/static/chunks/10wn_next_dist_0.s8sen._.js:2431
[ 4066375ms] [LOG] [Fast Refresh] done in 197ms @ http://localhost:3000/_next/static/chunks/10wn_next_dist_0.s8sen._.js:2431
[ 4067034ms] [LOG] [Fast Refresh] rebuilding @ http://localhost:3000/_next/static/chunks/10wn_next_dist_0.s8sen._.js:2431
[ 4067308ms] [LOG] [Fast Refresh] done in 379ms @ http://localhost:3000/_next/static/chunks/10wn_next_dist_0.s8sen._.js:2431
[ 4076679ms] [LOG] [Fast Refresh] rebuilding @ http://localhost:3000/_next/static/chunks/10wn_next_dist_0.s8sen._.js:2431
[ 4077165ms] [LOG] [Fast Refresh] done in 590ms @ http://localhost:3000/_next/static/chunks/10wn_next_dist_0.s8sen._.js:2431
[ 4077279ms] [LOG] [Fast Refresh] rebuilding @ http://localhost:3000/_next/static/chunks/10wn_next_dist_0.s8sen._.js:2431
[ 4077541ms] [LOG] [Fast Refresh] done in 362ms @ http://localhost:3000/_next/static/chunks/10wn_next_dist_0.s8sen._.js:2431
[ 4078130ms] [LOG] [Fast Refresh] rebuilding @ http://localhost:3000/_next/static/chunks/10wn_next_dist_0.s8sen._.js:2431
[ 4078160ms] [LOG] [Fast Refresh] done in 141ms @ http://localhost:3000/_next/static/chunks/10wn_next_dist_0.s8sen._.js:2431
[ 4078662ms] [LOG] [Fast Refresh] rebuilding @ http://localhost:3000/_next/static/chunks/10wn_next_dist_0.s8sen._.js:2431
[ 4078934ms] [LOG] [Fast Refresh] done in 379ms @ http://localhost:3000/_next/static/chunks/10wn_next_dist_0.s8sen._.js:2431
[ 4088107ms] [LOG] [Fast Refresh] rebuilding @ http://localhost:3000/_next/static/chunks/10wn_next_dist_0.s8sen._.js:2431
[ 4088634ms] [LOG] [Fast Refresh] done in 629ms @ http://localhost:3000/_next/static/chunks/10wn_next_dist_0.s8sen._.js:2431
[ 4088758ms] [LOG] [Fast Refresh] rebuilding @ http://localhost:3000/_next/static/chunks/10wn_next_dist_0.s8sen._.js:2431
[ 4089182ms] [LOG] [Fast Refresh] done in 536ms @ http://localhost:3000/_next/static/chunks/10wn_next_dist_0.s8sen._.js:2431
[ 4089893ms] [LOG] [Fast Refresh] rebuilding @ http://localhost:3000/_next/static/chunks/10wn_next_dist_0.s8sen._.js:2431
[ 4089949ms] [LOG] [Fast Refresh] done in 169ms @ http://localhost:3000/_next/static/chunks/10wn_next_dist_0.s8sen._.js:2431
[ 4090709ms] [LOG] [Fast Refresh] rebuilding @ http://localhost:3000/_next/static/chunks/10wn_next_dist_0.s8sen._.js:2431
[ 4091041ms] [LOG] [Fast Refresh] done in 433ms @ http://localhost:3000/_next/static/chunks/10wn_next_dist_0.s8sen._.js:2431
[ 4100419ms] [LOG] [Fast Refresh] rebuilding @ http://localhost:3000/_next/static/chunks/10wn_next_dist_0.s8sen._.js:2431
[ 4100963ms] [LOG] [Fast Refresh] done in 650ms @ http://localhost:3000/_next/static/chunks/10wn_next_dist_0.s8sen._.js:2431
[ 4101088ms] [LOG] [Fast Refresh] rebuilding @ http://localhost:3000/_next/static/chunks/10wn_next_dist_0.s8sen._.js:2431
[ 4101451ms] [LOG] [Fast Refresh] done in 468ms @ http://localhost:3000/_next/static/chunks/10wn_next_dist_0.s8sen._.js:2431
[ 4102287ms] [LOG] [Fast Refresh] rebuilding @ http://localhost:3000/_next/static/chunks/10wn_next_dist_0.s8sen._.js:2431
[ 4102347ms] [LOG] [Fast Refresh] done in 161ms @ http://localhost:3000/_next/static/chunks/10wn_next_dist_0.s8sen._.js:2431
[ 4102720ms] [LOG] [Fast Refresh] rebuilding @ http://localhost:3000/_next/static/chunks/10wn_next_dist_0.s8sen._.js:2431
[ 4103028ms] [LOG] [Fast Refresh] done in 416ms @ http://localhost:3000/_next/static/chunks/10wn_next_dist_0.s8sen._.js:2431
[ 4112803ms] [LOG] [Fast Refresh] rebuilding @ http://localhost:3000/_next/static/chunks/10wn_next_dist_0.s8sen._.js:2431
[ 4113297ms] [LOG] [Fast Refresh] done in 606ms @ http://localhost:3000/_next/static/chunks/10wn_next_dist_0.s8sen._.js:2431
[ 4113434ms] [LOG] [Fast Refresh] rebuilding @ http://localhost:3000/_next/static/chunks/10wn_next_dist_0.s8sen._.js:2431
[ 4113696ms] [LOG] [Fast Refresh] done in 370ms @ http://localhost:3000/_next/static/chunks/10wn_next_dist_0.s8sen._.js:2431
[ 4114418ms] [LOG] [Fast Refresh] rebuilding @ http://localhost:3000/_next/static/chunks/10wn_next_dist_0.s8sen._.js:2431
[ 4114426ms] [LOG] [Fast Refresh] done in 111ms @ http://localhost:3000/_next/static/chunks/10wn_next_dist_0.s8sen._.js:2431
[ 4114789ms] [LOG] [Fast Refresh] rebuilding @ http://localhost:3000/_next/static/chunks/10wn_next_dist_0.s8sen._.js:2431
[ 4115073ms] [LOG] [Fast Refresh] done in 385ms @ http://localhost:3000/_next/static/chunks/10wn_next_dist_0.s8sen._.js:2431
[ 4244954ms] [LOG] [Fast Refresh] rebuilding @ http://localhost:3000/_next/static/chunks/10wn_next_dist_0.s8sen._.js:2431
[ 4245454ms] [LOG] [Fast Refresh] done in 601ms @ http://localhost:3000/_next/static/chunks/10wn_next_dist_0.s8sen._.js:2431
[ 4245572ms] [LOG] [Fast Refresh] rebuilding @ http://localhost:3000/_next/static/chunks/10wn_next_dist_0.s8sen._.js:2431
[ 4245816ms] [LOG] [Fast Refresh] done in 346ms @ http://localhost:3000/_next/static/chunks/10wn_next_dist_0.s8sen._.js:2431
[ 4246407ms] [LOG] [Fast Refresh] rebuilding @ http://localhost:3000/_next/static/chunks/10wn_next_dist_0.s8sen._.js:2431
[ 4246635ms] [LOG] [Fast Refresh] done in 335ms @ http://localhost:3000/_next/static/chunks/10wn_next_dist_0.s8sen._.js:2431
[ 4247340ms] [LOG] [Fast Refresh] rebuilding @ http://localhost:3000/_next/static/chunks/10wn_next_dist_0.s8sen._.js:2431
[ 4247614ms] [LOG] [Fast Refresh] done in 375ms @ http://localhost:3000/_next/static/chunks/10wn_next_dist_0.s8sen._.js:2431
[ 4277827ms] [LOG] [Fast Refresh] rebuilding @ http://localhost:3000/_next/static/chunks/10wn_next_dist_0.s8sen._.js:2431
[ 4278365ms] [LOG] [Fast Refresh] done in 645ms @ http://localhost:3000/_next/static/chunks/10wn_next_dist_0.s8sen._.js:2431
[ 4278478ms] [LOG] [Fast Refresh] rebuilding @ http://localhost:3000/_next/static/chunks/10wn_next_dist_0.s8sen._.js:2431
[ 4278743ms] [LOG] [Fast Refresh] done in 367ms @ http://localhost:3000/_next/static/chunks/10wn_next_dist_0.s8sen._.js:2431
[ 4279396ms] [LOG] [Fast Refresh] rebuilding @ http://localhost:3000/_next/static/chunks/10wn_next_dist_0.s8sen._.js:2431
[ 4279420ms] [LOG] [Fast Refresh] done in 125ms @ http://localhost:3000/_next/static/chunks/10wn_next_dist_0.s8sen._.js:2431
[ 4280230ms] [LOG] [Fast Refresh] rebuilding @ http://localhost:3000/_next/static/chunks/10wn_next_dist_0.s8sen._.js:2431
[ 4280610ms] [LOG] [Fast Refresh] done in 482ms @ http://localhost:3000/_next/static/chunks/10wn_next_dist_0.s8sen._.js:2431
[ 4328947ms] [LOG] [Fast Refresh] rebuilding @ http://localhost:3000/_next/static/chunks/10wn_next_dist_0.s8sen._.js:2431
[ 4329681ms] [LOG] [Fast Refresh] done in 842ms @ http://localhost:3000/_next/static/chunks/10wn_next_dist_0.s8sen._.js:2431
[ 4330642ms] [LOG] [Fast Refresh] rebuilding @ http://localhost:3000/_next/static/chunks/10wn_next_dist_0.s8sen._.js:2431
[ 4331002ms] [LOG] [Fast Refresh] done in 475ms @ http://localhost:3000/_next/static/chunks/10wn_next_dist_0.s8sen._.js:2431
[ 4431327ms] [LOG] [Fast Refresh] rebuilding @ http://localhost:3000/_next/static/chunks/10wn_next_dist_0.s8sen._.js:2431
[ 4431874ms] [LOG] [Fast Refresh] done in 648ms @ http://localhost:3000/_next/static/chunks/10wn_next_dist_0.s8sen._.js:2431
[ 4432433ms] [LOG] [Fast Refresh] rebuilding @ http://localhost:3000/_next/static/chunks/10wn_next_dist_0.s8sen._.js:2431
[ 4432954ms] [LOG] [Fast Refresh] done in 623ms @ http://localhost:3000/_next/static/chunks/10wn_next_dist_0.s8sen._.js:2431
[ 4433277ms] [LOG] [Fast Refresh] rebuilding @ http://localhost:3000/_next/static/chunks/10wn_next_dist_0.s8sen._.js:2431
[ 4433370ms] [LOG] [Fast Refresh] done in 196ms @ http://localhost:3000/_next/static/chunks/10wn_next_dist_0.s8sen._.js:2431
[ 4433629ms] [LOG] [Fast Refresh] rebuilding @ http://localhost:3000/_next/static/chunks/10wn_next_dist_0.s8sen._.js:2431
[ 4433998ms] [LOG] [Fast Refresh] done in 479ms @ http://localhost:3000/_next/static/chunks/10wn_next_dist_0.s8sen._.js:2431
[ 4458166ms] [LOG] [Fast Refresh] rebuilding @ http://localhost:3000/_next/static/chunks/10wn_next_dist_0.s8sen._.js:2431
[ 4458889ms] [LOG] [Fast Refresh] done in 826ms @ http://localhost:3000/_next/static/chunks/10wn_next_dist_0.s8sen._.js:2431
[ 4459417ms] [LOG] [Fast Refresh] rebuilding @ http://localhost:3000/_next/static/chunks/10wn_next_dist_0.s8sen._.js:2431
[ 4459898ms] [LOG] [Fast Refresh] done in 583ms @ http://localhost:3000/_next/static/chunks/10wn_next_dist_0.s8sen._.js:2431
[ 4460266ms] [LOG] [Fast Refresh] rebuilding @ http://localhost:3000/_next/static/chunks/10wn_next_dist_0.s8sen._.js:2431
[ 4460345ms] [LOG] [Fast Refresh] done in 187ms @ http://localhost:3000/_next/static/chunks/10wn_next_dist_0.s8sen._.js:2431
[ 4460739ms] [LOG] [Fast Refresh] rebuilding @ http://localhost:3000/_next/static/chunks/10wn_next_dist_0.s8sen._.js:2431
[ 4461099ms] [LOG] [Fast Refresh] done in 473ms @ http://localhost:3000/_next/static/chunks/10wn_next_dist_0.s8sen._.js:2431
[ 4484676ms] [LOG] [Fast Refresh] rebuilding @ http://localhost:3000/_next/static/chunks/10wn_next_dist_0.s8sen._.js:2431
[ 4485258ms] [LOG] [Fast Refresh] done in 691ms @ http://localhost:3000/_next/static/chunks/10wn_next_dist_0.s8sen._.js:2431
[ 4485810ms] [LOG] [Fast Refresh] rebuilding @ http://localhost:3000/_next/static/chunks/10wn_next_dist_0.s8sen._.js:2431
[ 4486211ms] [LOG] [Fast Refresh] done in 510ms @ http://localhost:3000/_next/static/chunks/10wn_next_dist_0.s8sen._.js:2431
[ 4487061ms] [LOG] [Fast Refresh] rebuilding @ http://localhost:3000/_next/static/chunks/10wn_next_dist_0.s8sen._.js:2431
[ 4487423ms] [LOG] [Fast Refresh] done in 477ms @ http://localhost:3000/_next/static/chunks/10wn_next_dist_0.s8sen._.js:2431
[ 4582444ms] [LOG] [Fast Refresh] rebuilding @ http://localhost:3000/_next/static/chunks/10wn_next_dist_0.s8sen._.js:2431
[ 4583199ms] [LOG] [Fast Refresh] done in 859ms @ http://localhost:3000/_next/static/chunks/10wn_next_dist_0.s8sen._.js:2431
[ 4584077ms] [LOG] [Fast Refresh] rebuilding @ http://localhost:3000/_next/static/chunks/10wn_next_dist_0.s8sen._.js:2431
[ 4584401ms] [LOG] [Fast Refresh] done in 435ms @ http://localhost:3000/_next/static/chunks/10wn_next_dist_0.s8sen._.js:2431
[ 4704816ms] [LOG] [Fast Refresh] rebuilding @ http://localhost:3000/_next/static/chunks/10wn_next_dist_0.s8sen._.js:2431
[ 4706103ms] [LOG] [Fast Refresh] done in 1387ms @ http://localhost:3000/_next/static/chunks/10wn_next_dist_0.s8sen._.js:2431
[ 4706738ms] [LOG] [Fast Refresh] rebuilding @ http://localhost:3000/_next/static/chunks/10wn_next_dist_0.s8sen._.js:2431
[ 4707222ms] [LOG] [Fast Refresh] done in 585ms @ http://localhost:3000/_next/static/chunks/10wn_next_dist_0.s8sen._.js:2431
[ 4707340ms] [LOG] [Fast Refresh] rebuilding @ http://localhost:3000/_next/static/chunks/10wn_next_dist_0.s8sen._.js:2431
[ 4707395ms] [LOG] [Fast Refresh] done in 157ms @ http://localhost:3000/_next/static/chunks/10wn_next_dist_0.s8sen._.js:2431
[ 4707518ms] [LOG] [Fast Refresh] rebuilding @ http://localhost:3000/_next/static/chunks/10wn_next_dist_0.s8sen._.js:2431
[ 4707580ms] [LOG] [Fast Refresh] done in 165ms @ http://localhost:3000/_next/static/chunks/10wn_next_dist_0.s8sen._.js:2431
[ 4707755ms] [LOG] [Fast Refresh] rebuilding @ http://localhost:3000/_next/static/chunks/10wn_next_dist_0.s8sen._.js:2431
[ 4707810ms] [LOG] [Fast Refresh] done in 156ms @ http://localhost:3000/_next/static/chunks/10wn_next_dist_0.s8sen._.js:2431
[ 4708064ms] [LOG] [Fast Refresh] rebuilding @ http://localhost:3000/_next/static/chunks/10wn_next_dist_0.s8sen._.js:2431
[ 4708364ms] [LOG] [Fast Refresh] done in 400ms @ http://localhost:3000/_next/static/chunks/10wn_next_dist_0.s8sen._.js:2431
[ 4716862ms] [LOG] [Fast Refresh] rebuilding @ http://localhost:3000/_next/static/chunks/10wn_next_dist_0.s8sen._.js:2431
[ 4718337ms] [LOG] [Fast Refresh] done in 1582ms @ http://localhost:3000/_next/static/chunks/10wn_next_dist_0.s8sen._.js:2431
[ 4718945ms] [LOG] [Fast Refresh] rebuilding @ http://localhost:3000/_next/static/chunks/10wn_next_dist_0.s8sen._.js:2431
[ 4719351ms] [LOG] [Fast Refresh] done in 516ms @ http://localhost:3000/_next/static/chunks/10wn_next_dist_0.s8sen._.js:2431
[ 4719928ms] [LOG] [Fast Refresh] rebuilding @ http://localhost:3000/_next/static/chunks/10wn_next_dist_0.s8sen._.js:2431
[ 4719951ms] [LOG] [Fast Refresh] done in 126ms @ http://localhost:3000/_next/static/chunks/10wn_next_dist_0.s8sen._.js:2431
[ 4720097ms] [LOG] [Fast Refresh] rebuilding @ http://localhost:3000/_next/static/chunks/10wn_next_dist_0.s8sen._.js:2431
[ 4720533ms] [LOG] [Fast Refresh] done in 537ms @ http://localhost:3000/_next/static/chunks/10wn_next_dist_0.s8sen._.js:2431
[ 4730794ms] [LOG] [Fast Refresh] rebuilding @ http://localhost:3000/_next/static/chunks/10wn_next_dist_0.s8sen._.js:2431
[ 4731336ms] [LOG] [Fast Refresh] done in 651ms @ http://localhost:3000/_next/static/chunks/10wn_next_dist_0.s8sen._.js:2431
[ 4731459ms] [LOG] [Fast Refresh] rebuilding @ http://localhost:3000/_next/static/chunks/10wn_next_dist_0.s8sen._.js:2431
[ 4731782ms] [LOG] [Fast Refresh] done in 428ms @ http://localhost:3000/_next/static/chunks/10wn_next_dist_0.s8sen._.js:2431
[ 4732626ms] [LOG] [Fast Refresh] rebuilding @ http://localhost:3000/_next/static/chunks/10wn_next_dist_0.s8sen._.js:2431
[ 4732640ms] [LOG] [Fast Refresh] done in 122ms @ http://localhost:3000/_next/static/chunks/10wn_next_dist_0.s8sen._.js:2431
[ 4733792ms] [LOG] [Fast Refresh] rebuilding @ http://localhost:3000/_next/static/chunks/10wn_next_dist_0.s8sen._.js:2431
[ 4734054ms] [LOG] [Fast Refresh] done in 370ms @ http://localhost:3000/_next/static/chunks/10wn_next_dist_0.s8sen._.js:2431
[ 4742829ms] [LOG] [Fast Refresh] rebuilding @ http://localhost:3000/_next/static/chunks/10wn_next_dist_0.s8sen._.js:2431
[ 4743381ms] [LOG] [Fast Refresh] done in 664ms @ http://localhost:3000/_next/static/chunks/10wn_next_dist_0.s8sen._.js:2431
[ 4743523ms] [LOG] [Fast Refresh] rebuilding @ http://localhost:3000/_next/static/chunks/10wn_next_dist_0.s8sen._.js:2431
[ 4743802ms] [LOG] [Fast Refresh] done in 383ms @ http://localhost:3000/_next/static/chunks/10wn_next_dist_0.s8sen._.js:2431
[ 4744589ms] [LOG] [Fast Refresh] rebuilding @ http://localhost:3000/_next/static/chunks/10wn_next_dist_0.s8sen._.js:2431
[ 4744620ms] [LOG] [Fast Refresh] done in 140ms @ http://localhost:3000/_next/static/chunks/10wn_next_dist_0.s8sen._.js:2431
[ 4744884ms] [LOG] [Fast Refresh] rebuilding @ http://localhost:3000/_next/static/chunks/10wn_next_dist_0.s8sen._.js:2431
[ 4745170ms] [LOG] [Fast Refresh] done in 393ms @ http://localhost:3000/_next/static/chunks/10wn_next_dist_0.s8sen._.js:2431
[ 4767150ms] [LOG] [Fast Refresh] rebuilding @ http://localhost:3000/_next/static/chunks/10wn_next_dist_0.s8sen._.js:2431
[ 4767667ms] [LOG] [Fast Refresh] done in 618ms @ http://localhost:3000/_next/static/chunks/10wn_next_dist_0.s8sen._.js:2431
[ 4767781ms] [LOG] [Fast Refresh] rebuilding @ http://localhost:3000/_next/static/chunks/10wn_next_dist_0.s8sen._.js:2431
[ 4768056ms] [LOG] [Fast Refresh] done in 379ms @ http://localhost:3000/_next/static/chunks/10wn_next_dist_0.s8sen._.js:2431
[ 4768662ms] [LOG] [Fast Refresh] rebuilding @ http://localhost:3000/_next/static/chunks/10wn_next_dist_0.s8sen._.js:2431
[ 4768710ms] [LOG] [Fast Refresh] done in 151ms @ http://localhost:3000/_next/static/chunks/10wn_next_dist_0.s8sen._.js:2431
[ 4769163ms] [LOG] [Fast Refresh] rebuilding @ http://localhost:3000/_next/static/chunks/10wn_next_dist_0.s8sen._.js:2431
[ 4769462ms] [LOG] [Fast Refresh] done in 407ms @ http://localhost:3000/_next/static/chunks/10wn_next_dist_0.s8sen._.js:2431
[ 4790406ms] [LOG] [Fast Refresh] rebuilding @ http://localhost:3000/_next/static/chunks/10wn_next_dist_0.s8sen._.js:2431
[ 4791255ms] [LOG] [Fast Refresh] done in 954ms @ http://localhost:3000/_next/static/chunks/10wn_next_dist_0.s8sen._.js:2431
[ 4791762ms] [LOG] [Fast Refresh] rebuilding @ http://localhost:3000/_next/static/chunks/10wn_next_dist_0.s8sen._.js:2431
[ 4792245ms] [LOG] [Fast Refresh] done in 586ms @ http://localhost:3000/_next/static/chunks/10wn_next_dist_0.s8sen._.js:2431
[ 4792603ms] [LOG] [Fast Refresh] rebuilding @ http://localhost:3000/_next/static/chunks/10wn_next_dist_0.s8sen._.js:2431
[ 4792654ms] [LOG] [Fast Refresh] done in 152ms @ http://localhost:3000/_next/static/chunks/10wn_next_dist_0.s8sen._.js:2431
[ 4793069ms] [LOG] [Fast Refresh] rebuilding @ http://localhost:3000/_next/static/chunks/10wn_next_dist_0.s8sen._.js:2431
[ 4793376ms] [LOG] [Fast Refresh] done in 418ms @ http://localhost:3000/_next/static/chunks/10wn_next_dist_0.s8sen._.js:2431
[ 6101210ms] [LOG] [Fast Refresh] rebuilding @ http://localhost:3000/_next/static/chunks/10wn_next_dist_0.s8sen._.js:2431
[ 6101845ms] [LOG] [Fast Refresh] done in 736ms @ http://localhost:3000/_next/static/chunks/10wn_next_dist_0.s8sen._.js:2431
[ 6102845ms] [LOG] [Fast Refresh] rebuilding @ http://localhost:3000/_next/static/chunks/10wn_next_dist_0.s8sen._.js:2431
[ 6103210ms] [LOG] [Fast Refresh] done in 473ms @ http://localhost:3000/_next/static/chunks/10wn_next_dist_0.s8sen._.js:2431
[ 6172474ms] [LOG] [Fast Refresh] rebuilding @ http://localhost:3000/_next/static/chunks/10wn_next_dist_0.s8sen._.js:2431
[ 6173056ms] [LOG] [Fast Refresh] done in 685ms @ http://localhost:3000/_next/static/chunks/10wn_next_dist_0.s8sen._.js:2431
[ 6173190ms] [LOG] [Fast Refresh] rebuilding @ http://localhost:3000/_next/static/chunks/10wn_next_dist_0.s8sen._.js:2431
[ 6173520ms] [LOG] [Fast Refresh] done in 443ms @ http://localhost:3000/_next/static/chunks/10wn_next_dist_0.s8sen._.js:2431
[ 6174307ms] [LOG] [Fast Refresh] rebuilding @ http://localhost:3000/_next/static/chunks/10wn_next_dist_0.s8sen._.js:2431
[ 6174321ms] [LOG] [Fast Refresh] done in 124ms @ http://localhost:3000/_next/static/chunks/10wn_next_dist_0.s8sen._.js:2431
[ 6174705ms] [LOG] [Fast Refresh] rebuilding @ http://localhost:3000/_next/static/chunks/10wn_next_dist_0.s8sen._.js:2431
[ 6174967ms] [LOG] [Fast Refresh] done in 374ms @ http://localhost:3000/_next/static/chunks/10wn_next_dist_0.s8sen._.js:2431
[ 6188116ms] [LOG] [Fast Refresh] rebuilding @ http://localhost:3000/_next/static/chunks/10wn_next_dist_0.s8sen._.js:2431
[ 6188642ms] [LOG] [Fast Refresh] done in 629ms @ http://localhost:3000/_next/static/chunks/10wn_next_dist_0.s8sen._.js:2431
[ 6188770ms] [LOG] [Fast Refresh] rebuilding @ http://localhost:3000/_next/static/chunks/10wn_next_dist_0.s8sen._.js:2431
[ 6189034ms] [LOG] [Fast Refresh] done in 369ms @ http://localhost:3000/_next/static/chunks/10wn_next_dist_0.s8sen._.js:2431
[ 6189660ms] [LOG] [Fast Refresh] rebuilding @ http://localhost:3000/_next/static/chunks/10wn_next_dist_0.s8sen._.js:2431
[ 6189676ms] [LOG] [Fast Refresh] done in 118ms @ http://localhost:3000/_next/static/chunks/10wn_next_dist_0.s8sen._.js:2431
[ 6189834ms] [LOG] [Fast Refresh] rebuilding @ http://localhost:3000/_next/static/chunks/10wn_next_dist_0.s8sen._.js:2431
[ 6189891ms] [LOG] [Fast Refresh] done in 161ms @ http://localhost:3000/_next/static/chunks/10wn_next_dist_0.s8sen._.js:2431
[ 6190452ms] [LOG] [Fast Refresh] rebuilding @ http://localhost:3000/_next/static/chunks/10wn_next_dist_0.s8sen._.js:2431
[ 6190719ms] [LOG] [Fast Refresh] done in 382ms @ http://localhost:3000/_next/static/chunks/10wn_next_dist_0.s8sen._.js:2431
[ 6283253ms] [LOG] [Fast Refresh] rebuilding @ http://localhost:3000/_next/static/chunks/10wn_next_dist_0.s8sen._.js:2431
[ 6283842ms] [LOG] [Fast Refresh] done in 691ms @ http://localhost:3000/_next/static/chunks/10wn_next_dist_0.s8sen._.js:2431
[ 6283988ms] [LOG] [Fast Refresh] rebuilding @ http://localhost:3000/_next/static/chunks/10wn_next_dist_0.s8sen._.js:2431
[ 6284533ms] [LOG] [Fast Refresh] done in 648ms @ http://localhost:3000/_next/static/chunks/10wn_next_dist_0.s8sen._.js:2431
[ 6287122ms] [LOG] [Fast Refresh] rebuilding @ http://localhost:3000/_next/static/chunks/10wn_next_dist_0.s8sen._.js:2431
[ 6287796ms] [LOG] [Fast Refresh] done in 780ms @ http://localhost:3000/_next/static/chunks/10wn_next_dist_0.s8sen._.js:2431
[ 6303278ms] [LOG] [Fast Refresh] rebuilding @ http://localhost:3000/_next/static/chunks/10wn_next_dist_0.s8sen._.js:2431
[ 6304024ms] [LOG] [Fast Refresh] done in 864ms @ http://localhost:3000/_next/static/chunks/10wn_next_dist_0.s8sen._.js:2431
[ 6304147ms] [LOG] [Fast Refresh] rebuilding @ http://localhost:3000/_next/static/chunks/10wn_next_dist_0.s8sen._.js:2431
[ 6304490ms] [LOG] [Fast Refresh] done in 450ms @ http://localhost:3000/_next/static/chunks/10wn_next_dist_0.s8sen._.js:2431
[ 6307156ms] [LOG] [Fast Refresh] rebuilding @ http://localhost:3000/_next/static/chunks/10wn_next_dist_0.s8sen._.js:2431
[ 6310206ms] [LOG] [Fast Refresh] done in 3173ms @ http://localhost:3000/_next/static/chunks/10wn_next_dist_0.s8sen._.js:2431
[ 6310485ms] [LOG] [Fast Refresh] rebuilding @ http://localhost:3000/_next/static/chunks/10wn_next_dist_0.s8sen._.js:2431
[ 6310600ms] [LOG] [Fast Refresh] done in 217ms @ http://localhost:3000/_next/static/chunks/10wn_next_dist_0.s8sen._.js:2431
[ 6310714ms] [LOG] [Fast Refresh] rebuilding @ http://localhost:3000/_next/static/chunks/10wn_next_dist_0.s8sen._.js:2431
[ 6310719ms] [LOG] [Fast Refresh] done in 117ms @ http://localhost:3000/_next/static/chunks/10wn_next_dist_0.s8sen._.js:2431
[ 6310850ms] [LOG] [Fast Refresh] rebuilding @ http://localhost:3000/_next/static/chunks/10wn_next_dist_0.s8sen._.js:2431
[ 6310999ms] [LOG] [Fast Refresh] done in 265ms @ http://localhost:3000/_next/static/chunks/10wn_next_dist_0.s8sen._.js:2431
[ 6311116ms] [LOG] [Fast Refresh] rebuilding @ http://localhost:3000/_next/static/chunks/10wn_next_dist_0.s8sen._.js:2431
[ 6311422ms] [LOG] [Fast Refresh] done in 421ms @ http://localhost:3000/_next/static/chunks/10wn_next_dist_0.s8sen._.js:2431
[ 6334421ms] [LOG] [Fast Refresh] rebuilding @ http://localhost:3000/_next/static/chunks/10wn_next_dist_0.s8sen._.js:2431
[ 6335414ms] [LOG] [Fast Refresh] done in 1065ms @ http://localhost:3000/_next/static/chunks/10wn_next_dist_0.s8sen._.js:2431
[ 6335656ms] [LOG] [Fast Refresh] rebuilding @ http://localhost:3000/_next/static/chunks/10wn_next_dist_0.s8sen._.js:2431
[ 6336142ms] [LOG] [Fast Refresh] done in 593ms @ http://localhost:3000/_next/static/chunks/10wn_next_dist_0.s8sen._.js:2431
[ 6337017ms] [LOG] [Fast Refresh] rebuilding @ http://localhost:3000/_next/static/chunks/10wn_next_dist_0.s8sen._.js:2431
[ 6337347ms] [LOG] [Fast Refresh] done in 434ms @ http://localhost:3000/_next/static/chunks/10wn_next_dist_0.s8sen._.js:2431
[ 6337986ms] [LOG] [Fast Refresh] rebuilding @ http://localhost:3000/_next/static/chunks/10wn_next_dist_0.s8sen._.js:2431
[ 6338862ms] [LOG] [Fast Refresh] done in 979ms @ http://localhost:3000/_next/static/chunks/10wn_next_dist_0.s8sen._.js:2431
[ 6378452ms] [LOG] [Fast Refresh] rebuilding @ http://localhost:3000/_next/static/chunks/10wn_next_dist_0.s8sen._.js:2431
[ 6381457ms] [LOG] [Fast Refresh] done in 3112ms @ http://localhost:3000/_next/static/chunks/10wn_next_dist_0.s8sen._.js:2431
[ 6395998ms] [LOG] [Fast Refresh] rebuilding @ http://localhost:3000/_next/static/chunks/10wn_next_dist_0.s8sen._.js:2431
[ 6396650ms] [LOG] [Fast Refresh] done in 765ms @ http://localhost:3000/_next/static/chunks/10wn_next_dist_0.s8sen._.js:2431
[ 6397665ms] [LOG] [Fast Refresh] rebuilding @ http://localhost:3000/_next/static/chunks/10wn_next_dist_0.s8sen._.js:2431
[ 6397925ms] [LOG] [Fast Refresh] done in 370ms @ http://localhost:3000/_next/static/chunks/10wn_next_dist_0.s8sen._.js:2431
[ 6477339ms] [LOG] [Fast Refresh] rebuilding @ http://localhost:3000/_next/static/chunks/10wn_next_dist_0.s8sen._.js:2431
[ 6479025ms] [LOG] [Fast Refresh] done in 1786ms @ http://localhost:3000/_next/static/chunks/10wn_next_dist_0.s8sen._.js:2431
[ 6479139ms] [LOG] [Fast Refresh] rebuilding @ http://localhost:3000/_next/static/chunks/10wn_next_dist_0.s8sen._.js:2431
[ 6479492ms] [LOG] [Fast Refresh] done in 456ms @ http://localhost:3000/_next/static/chunks/10wn_next_dist_0.s8sen._.js:2431
[ 6479621ms] [LOG] [Fast Refresh] rebuilding @ http://localhost:3000/_next/static/chunks/10wn_next_dist_0.s8sen._.js:2431
[ 6479702ms] [LOG] [Fast Refresh] done in 182ms @ http://localhost:3000/_next/static/chunks/10wn_next_dist_0.s8sen._.js:2431
[ 6480270ms] [LOG] [Fast Refresh] rebuilding @ http://localhost:3000/_next/static/chunks/10wn_next_dist_0.s8sen._.js:2431
[ 6480300ms] [LOG] [Fast Refresh] done in 139ms @ http://localhost:3000/_next/static/chunks/10wn_next_dist_0.s8sen._.js:2431
[ 6502198ms] [LOG] [Fast Refresh] rebuilding @ http://localhost:3000/_next/static/chunks/10wn_next_dist_0.s8sen._.js:2431
[ 6502403ms] [LOG] [Fast Refresh] done in 320ms @ http://localhost:3000/_next/static/chunks/10wn_next_dist_0.s8sen._.js:2431
[ 6502612ms] [LOG] [Fast Refresh] rebuilding @ http://localhost:3000/_next/static/chunks/10wn_next_dist_0.s8sen._.js:2431
[ 6502669ms] [LOG] [Fast Refresh] done in 160ms @ http://localhost:3000/_next/static/chunks/10wn_next_dist_0.s8sen._.js:2431
[ 6502926ms] [LOG] [Fast Refresh] rebuilding @ http://localhost:3000/_next/static/chunks/10wn_next_dist_0.s8sen._.js:2431
[ 6503717ms] [LOG] [Fast Refresh] done in 905ms @ http://localhost:3000/_next/static/chunks/10wn_next_dist_0.s8sen._.js:2431
[ 6503916ms] [LOG] [Fast Refresh] rebuilding @ http://localhost:3000/_next/static/chunks/10wn_next_dist_0.s8sen._.js:2431
[ 6504026ms] [LOG] [Fast Refresh] done in 215ms @ http://localhost:3000/_next/static/chunks/10wn_next_dist_0.s8sen._.js:2431
[ 6504193ms] [LOG] [Fast Refresh] rebuilding @ http://localhost:3000/_next/static/chunks/10wn_next_dist_0.s8sen._.js:2431
[ 6504199ms] [LOG] [Fast Refresh] done in 107ms @ http://localhost:3000/_next/static/chunks/10wn_next_dist_0.s8sen._.js:2431
[ 6504681ms] [LOG] [Fast Refresh] rebuilding @ http://localhost:3000/_next/static/chunks/10wn_next_dist_0.s8sen._.js:2431
[ 6504905ms] [LOG] [Fast Refresh] done in 337ms @ http://localhost:3000/_next/static/chunks/10wn_next_dist_0.s8sen._.js:2431
[ 6609227ms] [LOG] [Fast Refresh] rebuilding @ http://localhost:3000/_next/static/chunks/10wn_next_dist_0.s8sen._.js:2431
[ 6611508ms] [LOG] [Fast Refresh] done in 2379ms @ http://localhost:3000/_next/static/chunks/10wn_next_dist_0.s8sen._.js:2431
[ 6611994ms] [LOG] [Fast Refresh] rebuilding @ http://localhost:3000/_next/static/chunks/10wn_next_dist_0.s8sen._.js:2431
[ 6612349ms] [LOG] [Fast Refresh] done in 462ms @ http://localhost:3000/_next/static/chunks/10wn_next_dist_0.s8sen._.js:2431
[ 6612494ms] [LOG] [Fast Refresh] rebuilding @ http://localhost:3000/_next/static/chunks/10wn_next_dist_0.s8sen._.js:2431
[ 6612502ms] [LOG] [Fast Refresh] done in 109ms @ http://localhost:3000/_next/static/chunks/10wn_next_dist_0.s8sen._.js:2431
[ 6612658ms] [LOG] [Fast Refresh] rebuilding @ http://localhost:3000/_next/static/chunks/10wn_next_dist_0.s8sen._.js:2431
[ 6612749ms] [LOG] [Fast Refresh] done in 194ms @ http://localhost:3000/_next/static/chunks/10wn_next_dist_0.s8sen._.js:2431
[ 6612939ms] [LOG] [Fast Refresh] rebuilding @ http://localhost:3000/_next/static/chunks/10wn_next_dist_0.s8sen._.js:2431
[ 6613090ms] [LOG] [Fast Refresh] done in 255ms @ http://localhost:3000/_next/static/chunks/10wn_next_dist_0.s8sen._.js:2431
[ 6613226ms] [LOG] [Fast Refresh] rebuilding @ http://localhost:3000/_next/static/chunks/10wn_next_dist_0.s8sen._.js:2431
[ 6613310ms] [LOG] [Fast Refresh] done in 186ms @ http://localhost:3000/_next/static/chunks/10wn_next_dist_0.s8sen._.js:2431
[ 6647197ms] [LOG] [Fast Refresh] rebuilding @ http://localhost:3000/_next/static/chunks/10wn_next_dist_0.s8sen._.js:2431
[ 6649272ms] [LOG] [Fast Refresh] done in 2175ms @ http://localhost:3000/_next/static/chunks/10wn_next_dist_0.s8sen._.js:2431
[ 6649781ms] [LOG] [Fast Refresh] rebuilding @ http://localhost:3000/_next/static/chunks/10wn_next_dist_0.s8sen._.js:2431
[ 6650006ms] [LOG] [Fast Refresh] done in 336ms @ http://localhost:3000/_next/static/chunks/10wn_next_dist_0.s8sen._.js:2431
[ 6650212ms] [LOG] [Fast Refresh] rebuilding @ http://localhost:3000/_next/static/chunks/10wn_next_dist_0.s8sen._.js:2431
[ 6650450ms] [LOG] [Fast Refresh] done in 347ms @ http://localhost:3000/_next/static/chunks/10wn_next_dist_0.s8sen._.js:2431
[ 6650599ms] [LOG] [Fast Refresh] rebuilding @ http://localhost:3000/_next/static/chunks/10wn_next_dist_0.s8sen._.js:2431
[ 6650629ms] [LOG] [Fast Refresh] done in 141ms @ http://localhost:3000/_next/static/chunks/10wn_next_dist_0.s8sen._.js:2431
[ 6650764ms] [LOG] [Fast Refresh] rebuilding @ http://localhost:3000/_next/static/chunks/10wn_next_dist_0.s8sen._.js:2431
[ 6650800ms] [LOG] [Fast Refresh] done in 141ms @ http://localhost:3000/_next/static/chunks/10wn_next_dist_0.s8sen._.js:2431
[ 6650931ms] [LOG] [Fast Refresh] rebuilding @ http://localhost:3000/_next/static/chunks/10wn_next_dist_0.s8sen._.js:2431
[ 6651120ms] [LOG] [Fast Refresh] done in 297ms @ http://localhost:3000/_next/static/chunks/10wn_next_dist_0.s8sen._.js:2431
[ 6667773ms] [LOG] [Fast Refresh] rebuilding @ http://localhost:3000/_next/static/chunks/10wn_next_dist_0.s8sen._.js:2431
[ 6668487ms] [LOG] [Fast Refresh] done in 825ms @ http://localhost:3000/_next/static/chunks/10wn_next_dist_0.s8sen._.js:2431
[ 6668608ms] [LOG] [Fast Refresh] rebuilding @ http://localhost:3000/_next/static/chunks/10wn_next_dist_0.s8sen._.js:2431
[ 6668899ms] [LOG] [Fast Refresh] done in 399ms @ http://localhost:3000/_next/static/chunks/10wn_next_dist_0.s8sen._.js:2431
[ 6669490ms] [LOG] [Fast Refresh] rebuilding @ http://localhost:3000/_next/static/chunks/10wn_next_dist_0.s8sen._.js:2431
[ 6669568ms] [LOG] [Fast Refresh] done in 183ms @ http://localhost:3000/_next/static/chunks/10wn_next_dist_0.s8sen._.js:2431
[ 6670053ms] [LOG] [Fast Refresh] rebuilding @ http://localhost:3000/_next/static/chunks/10wn_next_dist_0.s8sen._.js:2431
[ 6670382ms] [LOG] [Fast Refresh] done in 430ms @ http://localhost:3000/_next/static/chunks/10wn_next_dist_0.s8sen._.js:2431
[ 6704628ms] [LOG] [Fast Refresh] rebuilding @ http://localhost:3000/_next/static/chunks/10wn_next_dist_0.s8sen._.js:2431
[ 6705153ms] [LOG] [Fast Refresh] done in 631ms @ http://localhost:3000/_next/static/chunks/10wn_next_dist_0.s8sen._.js:2431
[ 6705296ms] [LOG] [Fast Refresh] rebuilding @ http://localhost:3000/_next/static/chunks/10wn_next_dist_0.s8sen._.js:2431
[ 6705872ms] [LOG] [Fast Refresh] done in 687ms @ http://localhost:3000/_next/static/chunks/10wn_next_dist_0.s8sen._.js:2431
[ 6706029ms] [LOG] [Fast Refresh] rebuilding @ http://localhost:3000/_next/static/chunks/10wn_next_dist_0.s8sen._.js:2431
[ 6706111ms] [LOG] [Fast Refresh] done in 185ms @ http://localhost:3000/_next/static/chunks/10wn_next_dist_0.s8sen._.js:2431
[ 6707010ms] [LOG] [Fast Refresh] rebuilding @ http://localhost:3000/_next/static/chunks/10wn_next_dist_0.s8sen._.js:2431
[ 6707285ms] [LOG] [Fast Refresh] done in 390ms @ http://localhost:3000/_next/static/chunks/10wn_next_dist_0.s8sen._.js:2431
[ 6718587ms] [LOG] [Fast Refresh] rebuilding @ http://localhost:3000/_next/static/chunks/10wn_next_dist_0.s8sen._.js:2431
[ 6719146ms] [LOG] [Fast Refresh] done in 669ms @ http://localhost:3000/_next/static/chunks/10wn_next_dist_0.s8sen._.js:2431
[ 6719272ms] [LOG] [Fast Refresh] rebuilding @ http://localhost:3000/_next/static/chunks/10wn_next_dist_0.s8sen._.js:2431
[ 6719503ms] [LOG] [Fast Refresh] done in 341ms @ http://localhost:3000/_next/static/chunks/10wn_next_dist_0.s8sen._.js:2431
[ 6720107ms] [LOG] [Fast Refresh] rebuilding @ http://localhost:3000/_next/static/chunks/10wn_next_dist_0.s8sen._.js:2431
[ 6720169ms] [LOG] [Fast Refresh] done in 172ms @ http://localhost:3000/_next/static/chunks/10wn_next_dist_0.s8sen._.js:2431
[ 6720576ms] [LOG] [Fast Refresh] rebuilding @ http://localhost:3000/_next/static/chunks/10wn_next_dist_0.s8sen._.js:2431
[ 6720876ms] [LOG] [Fast Refresh] done in 416ms @ http://localhost:3000/_next/static/chunks/10wn_next_dist_0.s8sen._.js:2431
[ 6721070ms] [LOG] [Fast Refresh] rebuilding @ http://localhost:3000/_next/static/chunks/10wn_next_dist_0.s8sen._.js:2431
[ 6721168ms] [LOG] [Fast Refresh] done in 210ms @ http://localhost:3000/_next/static/chunks/10wn_next_dist_0.s8sen._.js:2431
[ 6760384ms] [LOG] [Fast Refresh] rebuilding @ http://localhost:3000/_next/static/chunks/10wn_next_dist_0.s8sen._.js:2431
[ 6761078ms] [LOG] [Fast Refresh] done in 798ms @ http://localhost:3000/_next/static/chunks/10wn_next_dist_0.s8sen._.js:2431
[ 6761392ms] [LOG] [Fast Refresh] rebuilding @ http://localhost:3000/_next/static/chunks/10wn_next_dist_0.s8sen._.js:2431
[ 6761424ms] [LOG] [Fast Refresh] done in 142ms @ http://localhost:3000/_next/static/chunks/10wn_next_dist_0.s8sen._.js:2431
[ 6762192ms] [LOG] [Fast Refresh] rebuilding @ http://localhost:3000/_next/static/chunks/10wn_next_dist_0.s8sen._.js:2431
[ 6762496ms] [LOG] [Fast Refresh] done in 406ms @ http://localhost:3000/_next/static/chunks/10wn_next_dist_0.s8sen._.js:2431
[ 6764922ms] [LOG] [Fast Refresh] rebuilding @ http://localhost:3000/_next/static/chunks/10wn_next_dist_0.s8sen._.js:2431
[ 6764987ms] [LOG] [Fast Refresh] done in 180ms @ http://localhost:3000/_next/static/chunks/10wn_next_dist_0.s8sen._.js:2431
[ 6779821ms] [LOG] [Fast Refresh] rebuilding @ http://localhost:3000/_next/static/chunks/10wn_next_dist_0.s8sen._.js:2431
[ 6779915ms] [LOG] [Fast Refresh] done in 199ms @ http://localhost:3000/_next/static/chunks/10wn_next_dist_0.s8sen._.js:2431
[ 6786020ms] [LOG] [Fast Refresh] rebuilding @ http://localhost:3000/_next/static/chunks/10wn_next_dist_0.s8sen._.js:2431
[ 6787279ms] [LOG] [Fast Refresh] done in 1361ms @ http://localhost:3000/_next/static/chunks/10wn_next_dist_0.s8sen._.js:2431
[ 6790449ms] [LOG] [Fast Refresh] rebuilding @ http://localhost:3000/_next/static/chunks/10wn_next_dist_0.s8sen._.js:2431
[ 6790553ms] [LOG] [Fast Refresh] done in 213ms @ http://localhost:3000/_next/static/chunks/10wn_next_dist_0.s8sen._.js:2431
[ 6812811ms] [LOG] [Fast Refresh] rebuilding @ http://localhost:3000/_next/static/chunks/10wn_next_dist_0.s8sen._.js:2431
[ 6813024ms] [LOG] [Fast Refresh] done in 326ms @ http://localhost:3000/_next/static/chunks/10wn_next_dist_0.s8sen._.js:2431
[ 6813190ms] [LOG] [Fast Refresh] rebuilding @ http://localhost:3000/_next/static/chunks/10wn_next_dist_0.s8sen._.js:2431
[ 6813371ms] [LOG] [Fast Refresh] done in 298ms @ http://localhost:3000/_next/static/chunks/10wn_next_dist_0.s8sen._.js:2431
[ 6817476ms] [LOG] [Fast Refresh] rebuilding @ http://localhost:3000/_next/static/chunks/10wn_next_dist_0.s8sen._.js:2431
[ 6817981ms] [LOG] [Fast Refresh] done in 614ms @ http://localhost:3000/_next/static/chunks/10wn_next_dist_0.s8sen._.js:2431
[ 6818227ms] [LOG] [Fast Refresh] rebuilding @ http://localhost:3000/_next/static/chunks/10wn_next_dist_0.s8sen._.js:2431
[ 6818237ms] [LOG] [Fast Refresh] done in 115ms @ http://localhost:3000/_next/static/chunks/10wn_next_dist_0.s8sen._.js:2431
[ 6818446ms] [LOG] [Fast Refresh] rebuilding @ http://localhost:3000/_next/static/chunks/10wn_next_dist_0.s8sen._.js:2431
[ 6818533ms] [LOG] [Fast Refresh] done in 189ms @ http://localhost:3000/_next/static/chunks/10wn_next_dist_0.s8sen._.js:2431
